Description	Iteration	Fold	Algorithm	Features
StrongSignal_Both	1	1	AlgorithmScripts/FeatureSelection/tsv/sklearn/anova/default	Feature5,Feature1,Feature4,Feature2,Feature3,Feature52_Medium,Feature51_Low,Feature52_Low,Feature55_Low,Feature53_Low,Feature53_Medium,Feature55_Medium,Feature54_Low,Feature54_Medium,Feature51_Medium,Feature96_Low,Feature98_Medium,Feature48,Feature23,Feature60_Low,Feature22,Feature87_Medium,Feature86_Low,Feature93_Medium,Feature86_Medium,Feature65_Medium,Feature80_Medium,Feature12,Feature98_Low,Feature11,Feature9,Feature67_Low,Feature25,Feature57_Medium,Feature87_Low,Feature26,Feature42,Feature64_Medium,Feature30,Feature96_Medium,Feature90_Medium,Feature76_Low,Feature93_Low,Feature59_Medium,Feature94_Medium,Feature73_Low,Feature85_Low,Feature18,Feature79_Low,Feature92_Medium,Feature63_Medium,Feature70_Low,Feature63_Low,Feature70_Medium,Feature46,Feature95_Medium,Feature71_Medium,Feature78_Low,Feature8,Feature71_Low,Feature94_Low,Feature24,Feature89_Medium,Feature60_Medium,Feature57_Low,Feature14,Feature39,Feature89_Low,Feature33,Feature91_Medium,Feature74_Low,Feature65_Low,Feature77_Low,Feature85_Medium,Feature84_Low,Feature76_Medium,Feature68_Low,Feature20,Feature16,Feature29,Feature72_Low,Feature84_Medium,Feature56_Medium,Feature43,Feature34,Feature90_Low,Feature81_Low,Feature36,Feature58_Medium,Feature59_Low,Feature21,Feature49,Feature97_Low,Feature44,Feature10,Feature31,Feature28,Feature15,Feature79_Medium,Feature50,Feature47,Feature83_Low,Feature7,Feature6,Feature88_Medium,Feature32,Feature62_Low,Feature99_Low,Feature35,Feature92_Low,Feature75_Low,Feature95_Low,Feature58_Low,Feature80_Low,Feature72_Medium,Feature91_Low,Feature82_Low,Feature17,Feature66_Medium,Feature67_Medium,Feature100_Medium,Feature81_Medium,Feature61_Low,Feature66_Low,Feature99_Medium,Feature40,Feature19,Feature27,Feature61_Medium,Feature13,Feature38,Feature77_Medium,Feature64_Low,Feature75_Medium,Feature68_Medium,Feature37,Feature97_Medium,Feature62_Medium,Feature100_Low,Feature88_Low,Feature41,Feature74_Medium,Feature83_Medium,Feature73_Medium,Feature82_Medium,Feature78_Medium,Feature69_Medium,Feature69_Low,Feature45,Feature56_Low
StrongSignal_Both	1	1	AlgorithmScripts/FeatureSelection/tsv/sklearn/mutual_info/default	Feature1,Feature5,Feature4,Feature2,Feature3,Feature70_Medium,Feature65_Medium,Feature96_Medium,Feature71_Medium,Feature99_Medium,Feature92_Medium,Feature95_Medium,Feature94_Medium,Feature90_Medium,Feature79_Medium,Feature76_Medium,Feature62_Medium,Feature55_Low,Feature57_Medium,Feature97_Medium,Feature68_Medium,Feature66_Medium,Feature81_Medium,Feature64_Medium,Feature55_Medium,Feature63_Medium,Feature77_Medium,Feature89_Medium,Feature85_Medium,Feature53_Medium,Feature87_Medium,Feature52_Medium,Feature51_Low,Feature61_Medium,Feature78_Medium,Feature58_Medium,Feature83_Medium,Feature53_Low,Feature52_Low,Feature51_Medium,Feature60_Medium,Feature100_Medium,Feature69_Medium,Feature54_Low,Feature54_Medium,Feature75_Medium,Feature82_Medium,Feature93_Medium,Feature72_Medium,Feature71_Low,Feature23,Feature42,Feature38,Feature91_Low,Feature24,Feature93_Low,Feature18,Feature17,Feature86_Low,Feature99_Low,Feature98_Medium,Feature59_Medium,Feature83_Low,Feature12,Feature98_Low,Feature94_Low,Feature48,Feature27,Feature76_Low,Feature11,Feature22,Feature25,Feature91_Medium,Feature74_Medium,Feature79_Low,Feature80_Low,Feature80_Medium,Feature100_Low,Feature96_Low,Feature67_Low,Feature31,Feature21,Feature39,Feature89_Low,Feature56_Low,Feature47,Feature46,Feature9,Feature90_Low,Feature88_Low,Feature29,Feature84_Medium,Feature45,Feature92_Low,Feature81_Low,Feature88_Medium,Feature84_Low,Feature75_Low,Feature28,Feature13,Feature43,Feature74_Low,Feature77_Low,Feature37,Feature65_Low,Feature60_Low,Feature14,Feature30,Feature63_Low,Feature95_Low,Feature85_Low,Feature64_Low,Feature68_Low,Feature78_Low,Feature44,Feature40,Feature73_Medium,Feature32,Feature7,Feature58_Low,Feature57_Low,Feature70_Low,Feature49,Feature20,Feature61_Low,Feature87_Low,Feature8,Feature34,Feature16,Feature97_Low,Feature41,Feature72_Low,Feature15,Feature67_Medium,Feature82_Low,Feature86_Medium,Feature50,Feature35,Feature73_Low,Feature56_Medium,Feature19,Feature10,Feature36,Feature6,Feature59_Low,Feature66_Low,Feature69_Low,Feature33,Feature62_Low,Feature26
StrongSignal_Both	1	1	AlgorithmScripts/FeatureSelection/tsv/sklearn/random_forest_rfe/default	Feature2,Feature1,Feature12,Feature23,Feature3,Feature4,Feature42,Feature46,Feature5,Feature51_Low,Feature52_Medium,Feature53_Low,Feature53_Medium,Feature55_Low,Feature55_Medium,Feature11,Feature17,Feature18,Feature19,Feature22,Feature24,Feature25,Feature26,Feature27,Feature35,Feature51_Medium,Feature52_Low,Feature54_Low,Feature54_Medium,Feature8,Feature10,Feature14,Feature15,Feature20,Feature21,Feature28,Feature30,Feature31,Feature32,Feature34,Feature38,Feature7,Feature87_Medium,Feature9,Feature96_Medium,Feature100_Low,Feature100_Medium,Feature13,Feature16,Feature33,Feature47,Feature71_Medium,Feature81_Medium,Feature84_Low,Feature88_Low,Feature89_Low,Feature91_Medium,Feature93_Low,Feature96_Low,Feature98_Medium,Feature29,Feature36,Feature37,Feature40,Feature41,Feature48,Feature6,Feature62_Low,Feature83_Low,Feature84_Medium,Feature85_Medium,Feature86_Low,Feature86_Medium,Feature87_Low,Feature97_Low,Feature39,Feature44,Feature45,Feature49,Feature61_Medium,Feature65_Medium,Feature88_Medium,Feature89_Medium,Feature90_Low,Feature90_Medium,Feature91_Low,Feature92_Low,Feature92_Medium,Feature94_Low,Feature97_Medium,Feature56_Low,Feature56_Medium,Feature57_Low,Feature58_Low,Feature58_Medium,Feature59_Low,Feature59_Medium,Feature60_Low,Feature60_Medium,Feature61_Low,Feature93_Medium,Feature94_Medium,Feature95_Low,Feature95_Medium,Feature98_Low,Feature57_Medium,Feature62_Medium,Feature63_Low,Feature67_Medium,Feature69_Low,Feature70_Medium,Feature73_Low,Feature73_Medium,Feature74_Low,Feature74_Medium,Feature75_Low,Feature75_Medium,Feature76_Low,Feature76_Medium,Feature77_Low,Feature43,Feature50,Feature77_Medium,Feature78_Low,Feature78_Medium,Feature79_Low,Feature79_Medium,Feature80_Low,Feature80_Medium,Feature81_Low,Feature82_Low,Feature82_Medium,Feature83_Medium,Feature85_Low,Feature99_Medium,Feature63_Medium,Feature64_Low,Feature64_Medium,Feature65_Low,Feature66_Low,Feature66_Medium,Feature67_Low,Feature68_Low,Feature68_Medium,Feature69_Medium,Feature70_Low,Feature71_Low,Feature72_Low,Feature72_Medium,Feature99_Low
StrongSignal_Both	1	1	AlgorithmScripts/FeatureSelection/tsv/sklearn/random_logistic_regression/default	Feature3,Feature52_Medium,Feature52_Low,Feature51_Low,Feature55_Medium,Feature55_Low,Feature53_Low,Feature53_Medium,Feature5,Feature54_Medium,Feature1,Feature51_Medium,Feature2,Feature4,Feature54_Low,Feature98_Medium,Feature96_Low,Feature80_Medium,Feature26,Feature23,Feature86_Low,Feature79_Low,Feature76_Low,Feature71_Medium,Feature65_Medium,Feature60_Low,Feature22,Feature11,Feature99_Medium,Feature99_Low,Feature98_Low,Feature97_Medium,Feature97_Low,Feature96_Medium,Feature95_Medium,Feature95_Low,Feature94_Medium,Feature94_Low,Feature93_Medium,Feature93_Low,Feature92_Medium,Feature92_Low,Feature91_Medium,Feature91_Low,Feature90_Medium,Feature90_Low,Feature9,Feature89_Medium,Feature89_Low,Feature88_Medium,Feature88_Low,Feature87_Medium,Feature87_Low,Feature86_Medium,Feature85_Medium,Feature85_Low,Feature84_Medium,Feature84_Low,Feature83_Medium,Feature83_Low,Feature82_Medium,Feature82_Low,Feature81_Medium,Feature81_Low,Feature80_Low,Feature8,Feature79_Medium,Feature78_Medium,Feature78_Low,Feature77_Medium,Feature77_Low,Feature76_Medium,Feature75_Medium,Feature75_Low,Feature74_Medium,Feature74_Low,Feature73_Medium,Feature73_Low,Feature72_Medium,Feature72_Low,Feature71_Low,Feature70_Medium,Feature70_Low,Feature7,Feature69_Medium,Feature69_Low,Feature68_Medium,Feature68_Low,Feature67_Medium,Feature67_Low,Feature66_Medium,Feature66_Low,Feature65_Low,Feature64_Medium,Feature64_Low,Feature63_Medium,Feature63_Low,Feature62_Medium,Feature62_Low,Feature61_Medium,Feature61_Low,Feature60_Medium,Feature6,Feature59_Medium,Feature59_Low,Feature58_Medium,Feature58_Low,Feature57_Medium,Feature57_Low,Feature56_Medium,Feature56_Low,Feature50,Feature49,Feature48,Feature47,Feature46,Feature45,Feature44,Feature43,Feature42,Feature41,Feature40,Feature39,Feature38,Feature37,Feature36,Feature35,Feature34,Feature33,Feature32,Feature31,Feature30,Feature29,Feature28,Feature27,Feature25,Feature24,Feature21,Feature20,Feature19,Feature18,Feature17,Feature16,Feature15,Feature14,Feature13,Feature12,Feature100_Medium,Feature100_Low,Feature10
StrongSignal_Both	1	1	AlgorithmScripts/FeatureSelection/tsv/sklearn/svm_rfe/default	Feature1,Feature11,Feature13,Feature18,Feature2,Feature23,Feature3,Feature32,Feature33,Feature38,Feature4,Feature42,Feature49,Feature5,Feature52_Low,Feature16,Feature26,Feature27,Feature29,Feature43,Feature50,Feature51_Medium,Feature52_Medium,Feature53_Low,Feature53_Medium,Feature54_Medium,Feature6,Feature86_Low,Feature86_Medium,Feature98_Medium,Feature21,Feature22,Feature30,Feature34,Feature35,Feature44,Feature46,Feature47,Feature51_Low,Feature55_Low,Feature55_Medium,Feature7,Feature80_Medium,Feature9,Feature96_Low,Feature15,Feature17,Feature25,Feature39,Feature45,Feature48,Feature54_Low,Feature61_Low,Feature63_Medium,Feature67_Medium,Feature70_Medium,Feature74_Low,Feature79_Medium,Feature89_Medium,Feature90_Medium,Feature20,Feature31,Feature36,Feature57_Low,Feature57_Medium,Feature65_Medium,Feature82_Low,Feature83_Low,Feature84_Medium,Feature93_Low,Feature93_Medium,Feature94_Medium,Feature95_Medium,Feature96_Medium,Feature97_Low,Feature10,Feature37,Feature40,Feature41,Feature56_Low,Feature59_Medium,Feature64_Medium,Feature70_Low,Feature73_Medium,Feature77_Medium,Feature78_Medium,Feature79_Low,Feature8,Feature89_Low,Feature90_Low,Feature100_Low,Feature56_Medium,Feature66_Low,Feature68_Low,Feature75_Medium,Feature78_Low,Feature81_Medium,Feature82_Medium,Feature83_Medium,Feature85_Medium,Feature87_Low,Feature87_Medium,Feature88_Medium,Feature95_Low,Feature97_Medium,Feature100_Medium,Feature19,Feature58_Low,Feature58_Medium,Feature60_Low,Feature60_Medium,Feature61_Medium,Feature62_Medium,Feature63_Low,Feature64_Low,Feature72_Medium,Feature80_Low,Feature85_Low,Feature94_Low,Feature98_Low,Feature28,Feature59_Low,Feature65_Low,Feature66_Medium,Feature68_Medium,Feature71_Medium,Feature74_Medium,Feature76_Medium,Feature81_Low,Feature84_Low,Feature91_Low,Feature91_Medium,Feature92_Low,Feature92_Medium,Feature99_Medium,Feature12,Feature14,Feature24,Feature62_Low,Feature67_Low,Feature69_Low,Feature69_Medium,Feature71_Low,Feature72_Low,Feature73_Low,Feature75_Low,Feature76_Low,Feature77_Low,Feature88_Low,Feature99_Low
StrongSignal_Both	1	2	AlgorithmScripts/FeatureSelection/tsv/sklearn/anova/default	Feature3,Feature2,Feature5,Feature4,Feature1,Feature55_Low,Feature54_Low,Feature52_Low,Feature55_Medium,Feature52_Medium,Feature51_Low,Feature53_Low,Feature53_Medium,Feature54_Medium,Feature51_Medium,Feature94_Low,Feature64_Medium,Feature43,Feature95_Low,Feature46,Feature78_Low,Feature71_Low,Feature67_Medium,Feature62_Medium,Feature30,Feature57_Low,Feature89_Low,Feature15,Feature63_Medium,Feature97_Medium,Feature35,Feature40,Feature80_Medium,Feature73_Low,Feature36,Feature47,Feature84_Low,Feature84_Medium,Feature82_Low,Feature69_Low,Feature90_Medium,Feature39,Feature83_Medium,Feature97_Low,Feature73_Medium,Feature81_Medium,Feature37,Feature16,Feature95_Medium,Feature92_Medium,Feature98_Medium,Feature85_Low,Feature83_Low,Feature49,Feature13,Feature70_Low,Feature61_Medium,Feature100_Low,Feature21,Feature87_Medium,Feature96_Medium,Feature29,Feature72_Low,Feature33,Feature85_Medium,Feature57_Medium,Feature91_Medium,Feature94_Medium,Feature99_Low,Feature70_Medium,Feature67_Low,Feature20,Feature45,Feature24,Feature6,Feature22,Feature80_Low,Feature65_Medium,Feature99_Medium,Feature79_Low,Feature100_Medium,Feature89_Medium,Feature86_Medium,Feature42,Feature41,Feature68_Medium,Feature25,Feature62_Low,Feature92_Low,Feature79_Medium,Feature56_Medium,Feature71_Medium,Feature8,Feature59_Medium,Feature69_Medium,Feature28,Feature7,Feature64_Low,Feature9,Feature63_Low,Feature75_Low,Feature50,Feature38,Feature98_Low,Feature91_Low,Feature59_Low,Feature93_Low,Feature90_Low,Feature58_Medium,Feature19,Feature66_Medium,Feature93_Medium,Feature27,Feature18,Feature14,Feature76_Medium,Feature72_Medium,Feature34,Feature74_Medium,Feature75_Medium,Feature88_Low,Feature76_Low,Feature82_Medium,Feature10,Feature65_Low,Feature86_Low,Feature32,Feature44,Feature68_Low,Feature66_Low,Feature56_Low,Feature48,Feature17,Feature60_Medium,Feature77_Medium,Feature23,Feature78_Medium,Feature60_Low,Feature87_Low,Feature81_Low,Feature26,Feature12,Feature88_Medium,Feature11,Feature31,Feature61_Low,Feature96_Low,Feature74_Low,Feature58_Low,Feature77_Low
StrongSignal_Both	1	2	AlgorithmScripts/FeatureSelection/tsv/sklearn/mutual_info/default	Feature3,Feature5,Feature4,Feature1,Feature2,Feature55_Low,Feature51_Low,Feature53_Low,Feature52_Low,Feature54_Low,Feature84_Medium,Feature97_Medium,Feature91_Medium,Feature59_Medium,Feature96_Medium,Feature61_Medium,Feature95_Medium,Feature60_Medium,Feature64_Medium,Feature94_Medium,Feature82_Medium,Feature63_Medium,Feature68_Medium,Feature58_Medium,Feature76_Medium,Feature88_Medium,Feature87_Medium,Feature71_Medium,Feature66_Medium,Feature55_Medium,Feature56_Medium,Feature52_Medium,Feature89_Low,Feature75_Medium,Feature70_Medium,Feature69_Medium,Feature83_Medium,Feature93_Medium,Feature65_Medium,Feature57_Low,Feature74_Medium,Feature79_Medium,Feature72_Medium,Feature53_Medium,Feature51_Medium,Feature54_Medium,Feature43,Feature68_Low,Feature28,Feature78_Medium,Feature30,Feature60_Low,Feature39,Feature67_Medium,Feature33,Feature66_Low,Feature97_Low,Feature84_Low,Feature36,Feature73_Low,Feature17,Feature22,Feature62_Low,Feature73_Medium,Feature64_Low,Feature80_Medium,Feature10,Feature46,Feature58_Low,Feature81_Low,Feature98_Medium,Feature87_Low,Feature94_Low,Feature45,Feature81_Medium,Feature40,Feature20,Feature8,Feature95_Low,Feature99_Low,Feature85_Low,Feature71_Low,Feature61_Low,Feature100_Low,Feature34,Feature67_Low,Feature26,Feature72_Low,Feature89_Medium,Feature98_Low,Feature100_Medium,Feature12,Feature75_Low,Feature96_Low,Feature27,Feature13,Feature90_Medium,Feature48,Feature11,Feature91_Low,Feature21,Feature74_Low,Feature77_Low,Feature37,Feature25,Feature88_Low,Feature65_Low,Feature76_Low,Feature14,Feature80_Low,Feature31,Feature83_Low,Feature63_Low,Feature9,Feature86_Low,Feature56_Low,Feature78_Low,Feature18,Feature44,Feature23,Feature32,Feature77_Medium,Feature7,Feature92_Low,Feature70_Low,Feature49,Feature79_Low,Feature38,Feature99_Medium,Feature85_Medium,Feature92_Medium,Feature16,Feature41,Feature15,Feature82_Low,Feature86_Medium,Feature90_Low,Feature50,Feature57_Medium,Feature29,Feature35,Feature62_Medium,Feature19,Feature47,Feature6,Feature59_Low,Feature93_Low,Feature69_Low,Feature24,Feature42
StrongSignal_Both	1	2	AlgorithmScripts/FeatureSelection/tsv/sklearn/random_forest_rfe/default	Feature2,Feature1,Feature16,Feature3,Feature32,Feature4,Feature40,Feature43,Feature5,Feature52_Low,Feature52_Medium,Feature54_Low,Feature54_Medium,Feature55_Low,Feature55_Medium,Feature10,Feature11,Feature17,Feature24,Feature30,Feature35,Feature36,Feature39,Feature41,Feature42,Feature51_Low,Feature51_Medium,Feature6,Feature78_Low,Feature94_Low,Feature14,Feature18,Feature19,Feature20,Feature22,Feature23,Feature27,Feature28,Feature34,Feature38,Feature45,Feature46,Feature49,Feature53_Low,Feature85_Medium,Feature100_Low,Feature100_Medium,Feature12,Feature13,Feature15,Feature29,Feature33,Feature78_Medium,Feature80_Low,Feature80_Medium,Feature83_Low,Feature88_Medium,Feature90_Medium,Feature93_Low,Feature93_Medium,Feature21,Feature25,Feature26,Feature31,Feature37,Feature8,Feature86_Low,Feature87_Low,Feature87_Medium,Feature89_Low,Feature9,Feature90_Low,Feature92_Medium,Feature95_Medium,Feature96_Medium,Feature44,Feature50,Feature53_Medium,Feature58_Medium,Feature79_Low,Feature79_Medium,Feature88_Low,Feature89_Medium,Feature91_Low,Feature91_Medium,Feature92_Low,Feature94_Medium,Feature96_Low,Feature97_Low,Feature97_Medium,Feature56_Low,Feature56_Medium,Feature57_Low,Feature59_Low,Feature59_Medium,Feature61_Medium,Feature62_Medium,Feature67_Medium,Feature70_Low,Feature76_Medium,Feature77_Low,Feature77_Medium,Feature95_Low,Feature98_Low,Feature98_Medium,Feature47,Feature48,Feature57_Medium,Feature58_Low,Feature63_Medium,Feature65_Low,Feature81_Low,Feature81_Medium,Feature82_Low,Feature82_Medium,Feature83_Medium,Feature84_Low,Feature84_Medium,Feature85_Low,Feature86_Medium,Feature60_Medium,Feature69_Medium,Feature7,Feature70_Medium,Feature71_Low,Feature71_Medium,Feature72_Low,Feature72_Medium,Feature73_Low,Feature73_Medium,Feature74_Low,Feature74_Medium,Feature75_Low,Feature75_Medium,Feature76_Low,Feature60_Low,Feature61_Low,Feature62_Low,Feature63_Low,Feature64_Low,Feature64_Medium,Feature65_Medium,Feature66_Low,Feature66_Medium,Feature67_Low,Feature68_Low,Feature68_Medium,Feature69_Low,Feature99_Low,Feature99_Medium
StrongSignal_Both	1	2	AlgorithmScripts/FeatureSelection/tsv/sklearn/random_logistic_regression/default	Feature52_Medium,Feature55_Low,Feature55_Medium,Feature3,Feature5,Feature54_Low,Feature1,Feature54_Medium,Feature2,Feature4,Feature53_Medium,Feature51_Medium,Feature52_Low,Feature51_Low,Feature94_Low,Feature46,Feature53_Low,Feature35,Feature71_Low,Feature39,Feature67_Medium,Feature57_Low,Feature43,Feature83_Medium,Feature78_Low,Feature64_Medium,Feature62_Medium,Feature40,Feature95_Low,Feature89_Low,Feature82_Low,Feature69_Low,Feature47,Feature99_Medium,Feature99_Low,Feature98_Medium,Feature98_Low,Feature97_Medium,Feature97_Low,Feature96_Medium,Feature96_Low,Feature95_Medium,Feature94_Medium,Feature93_Medium,Feature93_Low,Feature92_Medium,Feature92_Low,Feature91_Medium,Feature91_Low,Feature90_Medium,Feature90_Low,Feature9,Feature89_Medium,Feature88_Medium,Feature88_Low,Feature87_Medium,Feature87_Low,Feature86_Medium,Feature86_Low,Feature85_Medium,Feature85_Low,Feature84_Medium,Feature84_Low,Feature83_Low,Feature82_Medium,Feature81_Medium,Feature81_Low,Feature80_Medium,Feature80_Low,Feature8,Feature79_Medium,Feature79_Low,Feature78_Medium,Feature77_Medium,Feature77_Low,Feature76_Medium,Feature76_Low,Feature75_Medium,Feature75_Low,Feature74_Medium,Feature74_Low,Feature73_Medium,Feature73_Low,Feature72_Medium,Feature72_Low,Feature71_Medium,Feature70_Medium,Feature70_Low,Feature7,Feature69_Medium,Feature68_Medium,Feature68_Low,Feature67_Low,Feature66_Medium,Feature66_Low,Feature65_Medium,Feature65_Low,Feature64_Low,Feature63_Medium,Feature63_Low,Feature62_Low,Feature61_Medium,Feature61_Low,Feature60_Medium,Feature60_Low,Feature6,Feature59_Medium,Feature59_Low,Feature58_Medium,Feature58_Low,Feature57_Medium,Feature56_Medium,Feature56_Low,Feature50,Feature49,Feature48,Feature45,Feature44,Feature42,Feature41,Feature38,Feature37,Feature36,Feature34,Feature33,Feature32,Feature31,Feature30,Feature29,Feature28,Feature27,Feature26,Feature25,Feature24,Feature23,Feature22,Feature21,Feature20,Feature19,Feature18,Feature17,Feature16,Feature15,Feature14,Feature13,Feature12,Feature11,Feature100_Medium,Feature100_Low,Feature10
StrongSignal_Both	1	2	AlgorithmScripts/FeatureSelection/tsv/sklearn/svm_rfe/default	Feature3,Feature1,Feature2,Feature34,Feature37,Feature4,Feature43,Feature45,Feature46,Feature47,Feature5,Feature52_Medium,Feature53_Medium,Feature6,Feature7,Feature15,Feature23,Feature25,Feature26,Feature33,Feature35,Feature36,Feature38,Feature40,Feature53_Low,Feature54_Low,Feature55_Low,Feature55_Medium,Feature63_Medium,Feature96_Medium,Feature10,Feature11,Feature12,Feature13,Feature16,Feature21,Feature24,Feature50,Feature51_Medium,Feature52_Low,Feature54_Medium,Feature61_Medium,Feature67_Medium,Feature83_Medium,Feature92_Medium,Feature20,Feature39,Feature41,Feature51_Low,Feature57_Low,Feature70_Low,Feature71_Medium,Feature73_Medium,Feature85_Medium,Feature9,Feature90_Medium,Feature93_Medium,Feature95_Low,Feature95_Medium,Feature98_Medium,Feature32,Feature42,Feature44,Feature57_Medium,Feature62_Medium,Feature67_Low,Feature71_Low,Feature72_Low,Feature78_Medium,Feature80_Low,Feature80_Medium,Feature84_Medium,Feature86_Medium,Feature90_Low,Feature97_Medium,Feature100_Medium,Feature18,Feature22,Feature28,Feature29,Feature30,Feature48,Feature64_Medium,Feature70_Medium,Feature75_Medium,Feature83_Low,Feature84_Low,Feature87_Medium,Feature92_Low,Feature99_Low,Feature100_Low,Feature17,Feature63_Low,Feature65_Medium,Feature68_Low,Feature72_Medium,Feature73_Low,Feature76_Low,Feature78_Low,Feature79_Medium,Feature81_Medium,Feature85_Low,Feature91_Medium,Feature94_Low,Feature94_Medium,Feature14,Feature31,Feature58_Low,Feature59_Low,Feature59_Medium,Feature61_Low,Feature62_Low,Feature64_Low,Feature76_Medium,Feature77_Medium,Feature8,Feature81_Low,Feature82_Low,Feature86_Low,Feature96_Low,Feature27,Feature49,Feature58_Medium,Feature60_Low,Feature65_Low,Feature69_Low,Feature74_Low,Feature75_Low,Feature87_Low,Feature88_Medium,Feature89_Low,Feature91_Low,Feature93_Low,Feature97_Low,Feature99_Medium,Feature19,Feature56_Low,Feature56_Medium,Feature60_Medium,Feature66_Low,Feature66_Medium,Feature68_Medium,Feature69_Medium,Feature74_Medium,Feature77_Low,Feature79_Low,Feature82_Medium,Feature88_Low,Feature89_Medium,Feature98_Low
StrongSignal_Both	2	1	AlgorithmScripts/FeatureSelection/tsv/sklearn/anova/default	Feature2,Feature4,Feature5,Feature1,Feature3,Feature52_Low,Feature55_Low,Feature52_Medium,Feature55_Medium,Feature51_Low,Feature54_Low,Feature53_Low,Feature53_Medium,Feature54_Medium,Feature51_Medium,Feature40,Feature30,Feature78_Low,Feature62_Medium,Feature89_Medium,Feature98_Medium,Feature92_Medium,Feature81_Medium,Feature35,Feature93_Low,Feature91_Medium,Feature27,Feature62_Low,Feature47,Feature12,Feature56_Medium,Feature59_Medium,Feature57_Low,Feature89_Low,Feature64_Medium,Feature83_Medium,Feature39,Feature97_Low,Feature20,Feature67_Medium,Feature87_Medium,Feature25,Feature70_Low,Feature84_Medium,Feature88_Medium,Feature22,Feature29,Feature99_Low,Feature28,Feature90_Low,Feature17,Feature94_Low,Feature99_Medium,Feature63_Low,Feature7,Feature100_Medium,Feature67_Low,Feature66_Medium,Feature63_Medium,Feature65_Medium,Feature65_Low,Feature70_Medium,Feature41,Feature36,Feature72_Low,Feature46,Feature33,Feature98_Low,Feature91_Low,Feature71_Medium,Feature50,Feature68_Medium,Feature97_Medium,Feature74_Medium,Feature37,Feature73_Low,Feature19,Feature9,Feature74_Low,Feature6,Feature14,Feature21,Feature94_Medium,Feature71_Low,Feature56_Low,Feature75_Medium,Feature59_Low,Feature58_Medium,Feature16,Feature11,Feature72_Medium,Feature80_Medium,Feature49,Feature18,Feature23,Feature75_Low,Feature82_Low,Feature86_Low,Feature13,Feature45,Feature34,Feature96_Low,Feature77_Low,Feature61_Low,Feature24,Feature95_Medium,Feature82_Medium,Feature68_Low,Feature73_Medium,Feature43,Feature48,Feature76_Low,Feature90_Medium,Feature77_Medium,Feature38,Feature79_Medium,Feature80_Low,Feature61_Medium,Feature93_Medium,Feature60_Medium,Feature87_Low,Feature66_Low,Feature69_Low,Feature92_Low,Feature100_Low,Feature88_Low,Feature57_Medium,Feature44,Feature69_Medium,Feature8,Feature32,Feature76_Medium,Feature60_Low,Feature96_Medium,Feature78_Medium,Feature86_Medium,Feature31,Feature26,Feature15,Feature85_Medium,Feature84_Low,Feature64_Low,Feature79_Low,Feature58_Low,Feature85_Low,Feature81_Low,Feature95_Low,Feature42,Feature10,Feature83_Low
StrongSignal_Both	2	1	AlgorithmScripts/FeatureSelection/tsv/sklearn/mutual_info/default	Feature2,Feature4,Feature5,Feature1,Feature3,Feature89_Medium,Feature92_Medium,Feature68_Medium,Feature90_Medium,Feature83_Medium,Feature81_Medium,Feature59_Medium,Feature54_Low,Feature66_Medium,Feature55_Low,Feature63_Medium,Feature70_Medium,Feature56_Medium,Feature85_Medium,Feature53_Low,Feature97_Medium,Feature69_Medium,Feature52_Medium,Feature99_Medium,Feature52_Low,Feature98_Medium,Feature71_Medium,Feature94_Medium,Feature76_Medium,Feature73_Medium,Feature100_Medium,Feature86_Medium,Feature57_Medium,Feature61_Medium,Feature51_Low,Feature96_Medium,Feature75_Medium,Feature82_Medium,Feature79_Medium,Feature65_Medium,Feature60_Medium,Feature55_Medium,Feature95_Medium,Feature51_Medium,Feature72_Medium,Feature93_Medium,Feature77_Medium,Feature54_Medium,Feature78_Medium,Feature53_Medium,Feature30,Feature28,Feature12,Feature58_Medium,Feature40,Feature59_Low,Feature31,Feature71_Low,Feature93_Low,Feature88_Low,Feature60_Low,Feature67_Medium,Feature39,Feature37,Feature47,Feature27,Feature41,Feature90_Low,Feature33,Feature91_Medium,Feature49,Feature84_Medium,Feature23,Feature16,Feature6,Feature13,Feature43,Feature56_Low,Feature91_Low,Feature42,Feature36,Feature84_Low,Feature38,Feature83_Low,Feature34,Feature67_Low,Feature100_Low,Feature68_Low,Feature9,Feature64_Medium,Feature98_Low,Feature62_Medium,Feature80_Low,Feature46,Feature11,Feature86_Low,Feature21,Feature88_Medium,Feature75_Low,Feature96_Low,Feature48,Feature74_Low,Feature94_Low,Feature77_Low,Feature25,Feature65_Low,Feature76_Low,Feature14,Feature17,Feature63_Low,Feature95_Low,Feature85_Low,Feature81_Low,Feature87_Medium,Feature64_Low,Feature89_Low,Feature78_Low,Feature18,Feature44,Feature32,Feature7,Feature58_Low,Feature92_Low,Feature57_Low,Feature80_Medium,Feature74_Medium,Feature70_Low,Feature79_Low,Feature20,Feature61_Low,Feature87_Low,Feature8,Feature99_Low,Feature45,Feature97_Low,Feature72_Low,Feature15,Feature82_Low,Feature50,Feature29,Feature35,Feature73_Low,Feature19,Feature10,Feature66_Low,Feature69_Low,Feature24,Feature62_Low,Feature26,Feature22
StrongSignal_Both	2	1	AlgorithmScripts/FeatureSelection/tsv/sklearn/random_forest_rfe/default	Feature5,Feature1,Feature19,Feature2,Feature25,Feature3,Feature4,Feature40,Feature51_Low,Feature52_Low,Feature52_Medium,Feature53_Low,Feature53_Medium,Feature55_Low,Feature55_Medium,Feature11,Feature12,Feature15,Feature20,Feature23,Feature27,Feature28,Feature33,Feature36,Feature42,Feature51_Medium,Feature54_Low,Feature62_Low,Feature7,Feature9,Feature10,Feature17,Feature21,Feature24,Feature29,Feature30,Feature41,Feature44,Feature45,Feature46,Feature49,Feature54_Medium,Feature57_Low,Feature85_Medium,Feature93_Low,Feature100_Low,Feature100_Medium,Feature13,Feature14,Feature16,Feature18,Feature22,Feature26,Feature34,Feature81_Medium,Feature89_Medium,Feature96_Medium,Feature97_Low,Feature97_Medium,Feature98_Medium,Feature35,Feature37,Feature38,Feature39,Feature43,Feature48,Feature50,Feature6,Feature86_Medium,Feature87_Low,Feature87_Medium,Feature88_Low,Feature89_Low,Feature92_Medium,Feature98_Low,Feature31,Feature32,Feature67_Medium,Feature82_Medium,Feature84_Low,Feature84_Medium,Feature85_Low,Feature86_Low,Feature88_Medium,Feature90_Low,Feature90_Medium,Feature91_Low,Feature91_Medium,Feature92_Low,Feature93_Medium,Feature47,Feature56_Low,Feature57_Medium,Feature58_Low,Feature62_Medium,Feature63_Low,Feature67_Low,Feature71_Medium,Feature94_Low,Feature94_Medium,Feature95_Low,Feature95_Medium,Feature96_Low,Feature99_Low,Feature99_Medium,Feature56_Medium,Feature58_Medium,Feature59_Low,Feature59_Medium,Feature60_Medium,Feature61_Low,Feature61_Medium,Feature64_Low,Feature64_Medium,Feature65_Medium,Feature68_Medium,Feature81_Low,Feature82_Low,Feature83_Low,Feature83_Medium,Feature60_Low,Feature65_Low,Feature66_Low,Feature66_Medium,Feature68_Low,Feature69_Low,Feature69_Medium,Feature70_Low,Feature76_Low,Feature78_Low,Feature79_Low,Feature79_Medium,Feature8,Feature80_Low,Feature80_Medium,Feature63_Medium,Feature70_Medium,Feature71_Low,Feature72_Low,Feature72_Medium,Feature73_Low,Feature73_Medium,Feature74_Low,Feature74_Medium,Feature75_Low,Feature75_Medium,Feature76_Medium,Feature77_Low,Feature77_Medium,Feature78_Medium
StrongSignal_Both	2	1	AlgorithmScripts/FeatureSelection/tsv/sklearn/random_logistic_regression/default	Feature52_Medium,Feature3,Feature52_Low,Feature55_Medium,Feature55_Low,Feature53_Medium,Feature5,Feature1,Feature4,Feature2,Feature54_Medium,Feature51_Medium,Feature51_Low,Feature53_Low,Feature54_Low,Feature40,Feature78_Low,Feature98_Medium,Feature67_Medium,Feature62_Medium,Feature93_Low,Feature57_Low,Feature99_Medium,Feature99_Low,Feature98_Low,Feature97_Medium,Feature97_Low,Feature96_Medium,Feature96_Low,Feature95_Medium,Feature95_Low,Feature94_Medium,Feature94_Low,Feature93_Medium,Feature92_Medium,Feature92_Low,Feature91_Medium,Feature91_Low,Feature90_Medium,Feature90_Low,Feature9,Feature89_Medium,Feature89_Low,Feature88_Medium,Feature88_Low,Feature87_Medium,Feature87_Low,Feature86_Medium,Feature86_Low,Feature85_Medium,Feature85_Low,Feature84_Medium,Feature84_Low,Feature83_Medium,Feature83_Low,Feature82_Medium,Feature82_Low,Feature81_Medium,Feature81_Low,Feature80_Medium,Feature80_Low,Feature8,Feature79_Medium,Feature79_Low,Feature78_Medium,Feature77_Medium,Feature77_Low,Feature76_Medium,Feature76_Low,Feature75_Medium,Feature75_Low,Feature74_Medium,Feature74_Low,Feature73_Medium,Feature73_Low,Feature72_Medium,Feature72_Low,Feature71_Medium,Feature71_Low,Feature70_Medium,Feature70_Low,Feature7,Feature69_Medium,Feature69_Low,Feature68_Medium,Feature68_Low,Feature67_Low,Feature66_Medium,Feature66_Low,Feature65_Medium,Feature65_Low,Feature64_Medium,Feature64_Low,Feature63_Medium,Feature63_Low,Feature62_Low,Feature61_Medium,Feature61_Low,Feature60_Medium,Feature60_Low,Feature6,Feature59_Medium,Feature59_Low,Feature58_Medium,Feature58_Low,Feature57_Medium,Feature56_Medium,Feature56_Low,Feature50,Feature49,Feature48,Feature47,Feature46,Feature45,Feature44,Feature43,Feature42,Feature41,Feature39,Feature38,Feature37,Feature36,Feature35,Feature34,Feature33,Feature32,Feature31,Feature30,Feature29,Feature28,Feature27,Feature26,Feature25,Feature24,Feature23,Feature22,Feature21,Feature20,Feature19,Feature18,Feature17,Feature16,Feature15,Feature14,Feature13,Feature12,Feature11,Feature100_Medium,Feature100_Low,Feature10
StrongSignal_Both	2	1	AlgorithmScripts/FeatureSelection/tsv/sklearn/svm_rfe/default	Feature1,Feature14,Feature2,Feature20,Feature21,Feature25,Feature3,Feature4,Feature40,Feature42,Feature47,Feature5,Feature54_Low,Feature55_Medium,Feature6,Feature12,Feature27,Feature29,Feature30,Feature31,Feature39,Feature45,Feature49,Feature52_Low,Feature52_Medium,Feature53_Medium,Feature54_Medium,Feature55_Low,Feature62_Medium,Feature93_Low,Feature11,Feature16,Feature34,Feature38,Feature44,Feature51_Low,Feature53_Low,Feature61_Medium,Feature74_Low,Feature89_Medium,Feature9,Feature91_Medium,Feature94_Medium,Feature97_Low,Feature98_Medium,Feature23,Feature28,Feature32,Feature36,Feature43,Feature50,Feature51_Medium,Feature63_Medium,Feature74_Medium,Feature78_Medium,Feature81_Medium,Feature83_Medium,Feature88_Medium,Feature93_Medium,Feature97_Medium,Feature18,Feature22,Feature24,Feature26,Feature33,Feature35,Feature37,Feature46,Feature56_Medium,Feature62_Low,Feature80_Medium,Feature87_Medium,Feature92_Medium,Feature95_Low,Feature98_Low,Feature100_Low,Feature17,Feature57_Low,Feature59_Medium,Feature60_Low,Feature66_Low,Feature70_Low,Feature70_Medium,Feature77_Medium,Feature79_Medium,Feature8,Feature80_Low,Feature82_Medium,Feature89_Low,Feature96_Low,Feature100_Medium,Feature13,Feature19,Feature41,Feature59_Low,Feature60_Medium,Feature68_Low,Feature68_Medium,Feature72_Low,Feature73_Low,Feature73_Medium,Feature82_Low,Feature92_Low,Feature94_Low,Feature95_Medium,Feature10,Feature48,Feature61_Low,Feature63_Low,Feature64_Low,Feature67_Low,Feature67_Medium,Feature69_Medium,Feature7,Feature71_Medium,Feature72_Medium,Feature78_Low,Feature84_Low,Feature91_Low,Feature96_Medium,Feature15,Feature57_Medium,Feature58_Low,Feature64_Medium,Feature65_Low,Feature66_Medium,Feature76_Medium,Feature81_Low,Feature84_Medium,Feature85_Medium,Feature86_Low,Feature86_Medium,Feature87_Low,Feature90_Low,Feature90_Medium,Feature56_Low,Feature58_Medium,Feature65_Medium,Feature69_Low,Feature71_Low,Feature75_Low,Feature75_Medium,Feature76_Low,Feature77_Low,Feature79_Low,Feature83_Low,Feature85_Low,Feature88_Low,Feature99_Low,Feature99_Medium
StrongSignal_Both	2	2	AlgorithmScripts/FeatureSelection/tsv/sklearn/anova/default	Feature5,Feature3,Feature1,Feature4,Feature2,Feature54_Low,Feature51_Low,Feature55_Low,Feature53_Low,Feature55_Medium,Feature52_Medium,Feature52_Low,Feature53_Medium,Feature54_Medium,Feature51_Medium,Feature23,Feature33,Feature48,Feature60_Low,Feature93_Medium,Feature64_Medium,Feature87_Medium,Feature67_Low,Feature95_Low,Feature98_Medium,Feature70_Medium,Feature86_Low,Feature22,Feature97_Medium,Feature43,Feature82_Low,Feature25,Feature96_Low,Feature35,Feature85_Low,Feature45,Feature42,Feature73_Low,Feature76_Low,Feature63_Medium,Feature34,Feature67_Medium,Feature9,Feature15,Feature26,Feature64_Low,Feature74_Low,Feature70_Low,Feature30,Feature74_Medium,Feature62_Low,Feature83_Low,Feature97_Low,Feature90_Medium,Feature69_Medium,Feature69_Low,Feature75_Medium,Feature93_Low,Feature92_Low,Feature72_Low,Feature57_Low,Feature63_Low,Feature75_Low,Feature76_Medium,Feature91_Medium,Feature6,Feature84_Low,Feature81_Low,Feature100_Medium,Feature91_Low,Feature68_Low,Feature29,Feature66_Low,Feature16,Feature27,Feature87_Low,Feature86_Medium,Feature31,Feature28,Feature100_Low,Feature47,Feature89_Low,Feature73_Medium,Feature61_Medium,Feature77_Low,Feature32,Feature36,Feature78_Low,Feature90_Low,Feature46,Feature8,Feature65_Medium,Feature81_Medium,Feature85_Medium,Feature60_Medium,Feature95_Medium,Feature83_Medium,Feature11,Feature20,Feature84_Medium,Feature82_Medium,Feature58_Medium,Feature24,Feature59_Low,Feature7,Feature18,Feature19,Feature56_Low,Feature12,Feature77_Medium,Feature59_Medium,Feature88_Low,Feature37,Feature40,Feature80_Low,Feature80_Medium,Feature72_Medium,Feature96_Medium,Feature65_Low,Feature58_Low,Feature38,Feature49,Feature66_Medium,Feature14,Feature10,Feature98_Low,Feature94_Low,Feature39,Feature94_Medium,Feature68_Medium,Feature99_Medium,Feature79_Low,Feature61_Low,Feature44,Feature71_Low,Feature92_Medium,Feature41,Feature56_Medium,Feature88_Medium,Feature71_Medium,Feature79_Medium,Feature13,Feature17,Feature57_Medium,Feature78_Medium,Feature50,Feature89_Medium,Feature62_Medium,Feature21,Feature99_Low
StrongSignal_Both	2	2	AlgorithmScripts/FeatureSelection/tsv/sklearn/mutual_info/default	Feature1,Feature5,Feature4,Feature3,Feature2,Feature55_Low,Feature52_Low,Feature54_Low,Feature53_Low,Feature51_Low,Feature93_Medium,Feature58_Medium,Feature77_Medium,Feature97_Medium,Feature61_Medium,Feature65_Medium,Feature70_Medium,Feature87_Medium,Feature84_Medium,Feature66_Medium,Feature69_Medium,Feature86_Medium,Feature67_Medium,Feature64_Medium,Feature75_Medium,Feature78_Medium,Feature53_Medium,Feature76_Medium,Feature95_Medium,Feature81_Medium,Feature83_Medium,Feature51_Medium,Feature100_Medium,Feature92_Medium,Feature94_Medium,Feature99_Medium,Feature55_Medium,Feature68_Medium,Feature52_Medium,Feature88_Medium,Feature57_Medium,Feature90_Medium,Feature56_Medium,Feature79_Medium,Feature60_Medium,Feature89_Medium,Feature71_Medium,Feature82_Low,Feature54_Medium,Feature73_Low,Feature80_Low,Feature95_Low,Feature23,Feature27,Feature48,Feature97_Low,Feature29,Feature41,Feature11,Feature60_Low,Feature86_Low,Feature85_Medium,Feature33,Feature62_Low,Feature89_Low,Feature34,Feature15,Feature43,Feature70_Low,Feature57_Low,Feature9,Feature13,Feature66_Low,Feature83_Low,Feature84_Low,Feature64_Low,Feature75_Low,Feature91_Medium,Feature91_Low,Feature12,Feature45,Feature62_Medium,Feature93_Low,Feature76_Low,Feature100_Low,Feature81_Low,Feature87_Low,Feature90_Low,Feature68_Low,Feature22,Feature72_Medium,Feature47,Feature98_Medium,Feature63_Low,Feature19,Feature73_Medium,Feature74_Low,Feature96_Low,Feature59_Medium,Feature28,Feature71_Low,Feature21,Feature94_Low,Feature77_Low,Feature37,Feature25,Feature88_Low,Feature65_Low,Feature96_Medium,Feature63_Medium,Feature14,Feature17,Feature31,Feature30,Feature85_Low,Feature82_Medium,Feature56_Low,Feature78_Low,Feature18,Feature44,Feature40,Feature67_Low,Feature32,Feature7,Feature58_Low,Feature92_Low,Feature80_Medium,Feature74_Medium,Feature49,Feature79_Low,Feature98_Low,Feature20,Feature61_Low,Feature38,Feature46,Feature8,Feature99_Low,Feature16,Feature72_Low,Feature50,Feature35,Feature10,Feature36,Feature6,Feature59_Low,Feature69_Low,Feature24,Feature39,Feature42,Feature26
StrongSignal_Both	2	2	AlgorithmScripts/FeatureSelection/tsv/sklearn/random_forest_rfe/default	Feature5,Feature1,Feature12,Feature2,Feature23,Feature3,Feature4,Feature42,Feature51_Low,Feature52_Low,Feature53_Low,Feature53_Medium,Feature54_Low,Feature55_Low,Feature55_Medium,Feature13,Feature18,Feature19,Feature21,Feature22,Feature24,Feature25,Feature27,Feature28,Feature34,Feature51_Medium,Feature52_Medium,Feature54_Medium,Feature7,Feature8,Feature100_Low,Feature15,Feature17,Feature20,Feature26,Feature31,Feature33,Feature37,Feature39,Feature45,Feature47,Feature48,Feature86_Low,Feature86_Medium,Feature96_Low,Feature10,Feature100_Medium,Feature11,Feature14,Feature16,Feature29,Feature38,Feature43,Feature49,Feature81_Medium,Feature87_Low,Feature89_Low,Feature9,Feature92_Medium,Feature95_Medium,Feature35,Feature64_Medium,Feature69_Medium,Feature84_Low,Feature85_Low,Feature85_Medium,Feature88_Low,Feature89_Medium,Feature91_Low,Feature93_Low,Feature93_Medium,Feature94_Low,Feature95_Low,Feature96_Medium,Feature97_Low,Feature30,Feature32,Feature36,Feature57_Medium,Feature83_Low,Feature83_Medium,Feature84_Medium,Feature87_Medium,Feature88_Medium,Feature90_Low,Feature90_Medium,Feature91_Medium,Feature92_Low,Feature97_Medium,Feature98_Low,Feature56_Low,Feature56_Medium,Feature57_Low,Feature58_Low,Feature58_Medium,Feature59_Medium,Feature6,Feature62_Low,Feature66_Medium,Feature68_Medium,Feature74_Medium,Feature79_Low,Feature94_Medium,Feature98_Medium,Feature99_Low,Feature59_Low,Feature60_Low,Feature60_Medium,Feature61_Low,Feature61_Medium,Feature62_Medium,Feature63_Low,Feature64_Low,Feature65_Low,Feature65_Medium,Feature66_Low,Feature67_Low,Feature67_Medium,Feature68_Low,Feature69_Low,Feature40,Feature41,Feature44,Feature46,Feature50,Feature71_Medium,Feature72_Low,Feature78_Medium,Feature79_Medium,Feature80_Low,Feature80_Medium,Feature81_Low,Feature82_Low,Feature82_Medium,Feature99_Medium,Feature63_Medium,Feature70_Low,Feature70_Medium,Feature71_Low,Feature72_Medium,Feature73_Low,Feature73_Medium,Feature74_Low,Feature75_Low,Feature75_Medium,Feature76_Low,Feature76_Medium,Feature77_Low,Feature77_Medium,Feature78_Low
StrongSignal_Both	2	2	AlgorithmScripts/FeatureSelection/tsv/sklearn/random_logistic_regression/default	Feature52_Medium,Feature55_Medium,Feature54_Low,Feature3,Feature5,Feature53_Medium,Feature51_Low,Feature55_Low,Feature53_Low,Feature54_Medium,Feature1,Feature51_Medium,Feature52_Low,Feature4,Feature2,Feature70_Medium,Feature62_Low,Feature23,Feature22,Feature64_Medium,Feature42,Feature95_Low,Feature60_Low,Feature35,Feature33,Feature99_Medium,Feature99_Low,Feature98_Medium,Feature98_Low,Feature97_Medium,Feature97_Low,Feature96_Medium,Feature96_Low,Feature95_Medium,Feature94_Medium,Feature94_Low,Feature93_Medium,Feature93_Low,Feature92_Medium,Feature92_Low,Feature91_Medium,Feature91_Low,Feature90_Medium,Feature90_Low,Feature9,Feature89_Medium,Feature89_Low,Feature88_Medium,Feature88_Low,Feature87_Medium,Feature87_Low,Feature86_Medium,Feature86_Low,Feature85_Medium,Feature85_Low,Feature84_Medium,Feature84_Low,Feature83_Medium,Feature83_Low,Feature82_Medium,Feature82_Low,Feature81_Medium,Feature81_Low,Feature80_Medium,Feature80_Low,Feature8,Feature79_Medium,Feature79_Low,Feature78_Medium,Feature78_Low,Feature77_Medium,Feature77_Low,Feature76_Medium,Feature76_Low,Feature75_Medium,Feature75_Low,Feature74_Medium,Feature74_Low,Feature73_Medium,Feature73_Low,Feature72_Medium,Feature72_Low,Feature71_Medium,Feature71_Low,Feature70_Low,Feature7,Feature69_Medium,Feature69_Low,Feature68_Medium,Feature68_Low,Feature67_Medium,Feature67_Low,Feature66_Medium,Feature66_Low,Feature65_Medium,Feature65_Low,Feature64_Low,Feature63_Medium,Feature63_Low,Feature62_Medium,Feature61_Medium,Feature61_Low,Feature60_Medium,Feature6,Feature59_Medium,Feature59_Low,Feature58_Medium,Feature58_Low,Feature57_Medium,Feature57_Low,Feature56_Medium,Feature56_Low,Feature50,Feature49,Feature48,Feature47,Feature46,Feature45,Feature44,Feature43,Feature41,Feature40,Feature39,Feature38,Feature37,Feature36,Feature34,Feature32,Feature31,Feature30,Feature29,Feature28,Feature27,Feature26,Feature25,Feature24,Feature21,Feature20,Feature19,Feature18,Feature17,Feature16,Feature15,Feature14,Feature13,Feature12,Feature11,Feature100_Medium,Feature100_Low,Feature10
StrongSignal_Both	2	2	AlgorithmScripts/FeatureSelection/tsv/sklearn/svm_rfe/default	Feature5,Feature1,Feature11,Feature13,Feature2,Feature23,Feature26,Feature3,Feature33,Feature34,Feature4,Feature40,Feature51_Medium,Feature6,Feature7,Feature15,Feature16,Feature17,Feature22,Feature35,Feature43,Feature45,Feature47,Feature50,Feature52_Low,Feature52_Medium,Feature53_Low,Feature53_Medium,Feature55_Medium,Feature83_Low,Feature18,Feature21,Feature37,Feature38,Feature42,Feature48,Feature49,Feature51_Low,Feature54_Low,Feature54_Medium,Feature63_Medium,Feature8,Feature86_Low,Feature9,Feature97_Medium,Feature28,Feature36,Feature55_Low,Feature61_Low,Feature65_Medium,Feature67_Medium,Feature70_Low,Feature70_Medium,Feature80_Medium,Feature83_Medium,Feature86_Medium,Feature90_Medium,Feature96_Low,Feature97_Low,Feature98_Medium,Feature10,Feature100_Medium,Feature24,Feature25,Feature27,Feature44,Feature57_Medium,Feature60_Low,Feature60_Medium,Feature61_Medium,Feature64_Medium,Feature74_Medium,Feature81_Medium,Feature82_Low,Feature91_Low,Feature19,Feature20,Feature29,Feature32,Feature56_Low,Feature57_Low,Feature67_Low,Feature68_Low,Feature79_Medium,Feature85_Medium,Feature90_Low,Feature91_Medium,Feature93_Low,Feature93_Medium,Feature94_Medium,Feature12,Feature14,Feature30,Feature46,Feature58_Medium,Feature62_Low,Feature63_Low,Feature65_Low,Feature71_Low,Feature71_Medium,Feature78_Medium,Feature79_Low,Feature89_Medium,Feature95_Medium,Feature96_Medium,Feature100_Low,Feature41,Feature56_Medium,Feature59_Low,Feature59_Medium,Feature66_Low,Feature66_Medium,Feature69_Low,Feature69_Medium,Feature72_Low,Feature81_Low,Feature84_Low,Feature87_Medium,Feature92_Medium,Feature98_Low,Feature31,Feature58_Low,Feature62_Medium,Feature68_Medium,Feature73_Medium,Feature75_Low,Feature75_Medium,Feature76_Low,Feature77_Medium,Feature78_Low,Feature82_Medium,Feature84_Medium,Feature85_Low,Feature92_Low,Feature95_Low,Feature39,Feature64_Low,Feature72_Medium,Feature73_Low,Feature74_Low,Feature76_Medium,Feature77_Low,Feature80_Low,Feature87_Low,Feature88_Low,Feature88_Medium,Feature89_Low,Feature94_Low,Feature99_Low,Feature99_Medium
