Description	Outer_Iteration	Inner_Iteration	Feature_Selection_Algorithm	Num_Features	Classification_Algorithm	InstanceID	ActualClass	PredictedClass	1	2	3
StrongSignal_Both	1	1	AlgorithmScripts/FeatureSelection/arff/weka/Correlation/default	10	/Users/srp33/Dropbox/ShinyLearner/AlgorithmScripts/Classification/tsv/sklearn/lda/default__tol=0.0001	Instance14	1	1	1.000000000	0.000000000	0.000000000
StrongSignal_Both	1	1	AlgorithmScripts/FeatureSelection/arff/weka/Correlation/default	10	/Users/srp33/Dropbox/ShinyLearner/AlgorithmScripts/Classification/tsv/sklearn/lda/default__tol=0.0001	Instance15	1	1	1.000000000	0.000000000	0.000000000
StrongSignal_Both	1	1	AlgorithmScripts/FeatureSelection/arff/weka/Correlation/default	10	/Users/srp33/Dropbox/ShinyLearner/AlgorithmScripts/Classification/tsv/sklearn/lda/default__tol=0.0001	Instance16	1	1	1.000000000	0.000000000	0.000000000
StrongSignal_Both	1	1	AlgorithmScripts/FeatureSelection/arff/weka/Correlation/default	10	/Users/srp33/Dropbox/ShinyLearner/AlgorithmScripts/Classification/tsv/sklearn/lda/default__tol=0.0001	Instance2	1	1	1.000000000	0.000000000	0.000000000
StrongSignal_Both	1	1	AlgorithmScripts/FeatureSelection/arff/weka/Correlation/default	10	/Users/srp33/Dropbox/ShinyLearner/AlgorithmScripts/Classification/tsv/sklearn/lda/default__tol=0.0001	Instance20	1	1	1.000000000	0.000000000	0.000000000
StrongSignal_Both	1	1	AlgorithmScripts/FeatureSelection/arff/weka/Correlation/default	10	/Users/srp33/Dropbox/ShinyLearner/AlgorithmScripts/Classification/tsv/sklearn/lda/default__tol=0.0001	Instance27	1	1	0.954510770	0.000000000	0.045489230
StrongSignal_Both	1	1	AlgorithmScripts/FeatureSelection/arff/weka/Correlation/default	10	/Users/srp33/Dropbox/ShinyLearner/AlgorithmScripts/Classification/tsv/sklearn/lda/default__tol=0.0001	Instance35	2	2	0.000000021	0.999999979	0.000000000
StrongSignal_Both	1	1	AlgorithmScripts/FeatureSelection/arff/weka/Correlation/default	10	/Users/srp33/Dropbox/ShinyLearner/AlgorithmScripts/Classification/tsv/sklearn/lda/default__tol=0.0001	Instance36	2	2	0.000000018	0.999999982	0.000000000
StrongSignal_Both	1	1	AlgorithmScripts/FeatureSelection/arff/weka/Correlation/default	10	/Users/srp33/Dropbox/ShinyLearner/AlgorithmScripts/Classification/tsv/sklearn/lda/default__tol=0.0001	Instance40	2	2	0.000000018	0.999999982	0.000000000
StrongSignal_Both	1	1	AlgorithmScripts/FeatureSelection/arff/weka/Correlation/default	10	/Users/srp33/Dropbox/ShinyLearner/AlgorithmScripts/Classification/tsv/sklearn/lda/default__tol=0.0001	Instance42	2	2	0.000000014	0.999999986	0.000000000
StrongSignal_Both	1	1	AlgorithmScripts/FeatureSelection/arff/weka/Correlation/default	10	/Users/srp33/Dropbox/ShinyLearner/AlgorithmScripts/Classification/tsv/sklearn/lda/default__tol=0.0001	Instance46	3	3	0.000000000	0.000000000	1.000000000
StrongSignal_Both	1	1	AlgorithmScripts/FeatureSelection/arff/weka/Correlation/default	10	/Users/srp33/Dropbox/ShinyLearner/AlgorithmScripts/Classification/tsv/sklearn/lda/default__tol=0.0001	Instance53	3	3	0.000000000	0.000000000	1.000000000
StrongSignal_Both	1	1	AlgorithmScripts/FeatureSelection/arff/weka/Correlation/default	10	/Users/srp33/Dropbox/ShinyLearner/AlgorithmScripts/Classification/tsv/sklearn/lda/default__tol=0.0001	Instance55	3	3	0.000000001	0.000000000	0.999999999
StrongSignal_Both	1	1	AlgorithmScripts/FeatureSelection/arff/weka/Correlation/default	10	/Users/srp33/Dropbox/ShinyLearner/AlgorithmScripts/Classification/tsv/sklearn/lda/default__tol=0.0001	Instance58	3	3	0.000000000	0.000000000	1.000000000
StrongSignal_Both	1	1	AlgorithmScripts/FeatureSelection/arff/weka/Correlation/default	10	/Users/srp33/Dropbox/ShinyLearner/AlgorithmScripts/Classification/tsv/sklearn/lda/default__tol=0.0001	Instance8	1	1	1.000000000	0.000000000	0.000000000
StrongSignal_Both	1	1	AlgorithmScripts/FeatureSelection/arff/weka/Correlation/default	20	/Users/srp33/Dropbox/ShinyLearner/AlgorithmScripts/Classification/tsv/sklearn/lda/default__tol=0.0001	Instance14	1	1	1.000000000	0.000000000	0.000000000
StrongSignal_Both	1	1	AlgorithmScripts/FeatureSelection/arff/weka/Correlation/default	20	/Users/srp33/Dropbox/ShinyLearner/AlgorithmScripts/Classification/tsv/sklearn/lda/default__tol=0.0001	Instance15	1	1	0.988088583	0.011911417	0.000000000
StrongSignal_Both	1	1	AlgorithmScripts/FeatureSelection/arff/weka/Correlation/default	20	/Users/srp33/Dropbox/ShinyLearner/AlgorithmScripts/Classification/tsv/sklearn/lda/default__tol=0.0001	Instance16	1	1	1.000000000	0.000000000	0.000000000
StrongSignal_Both	1	1	AlgorithmScripts/FeatureSelection/arff/weka/Correlation/default	20	/Users/srp33/Dropbox/ShinyLearner/AlgorithmScripts/Classification/tsv/sklearn/lda/default__tol=0.0001	Instance2	1	1	0.510027010	0.489972990	0.000000000
StrongSignal_Both	1	1	AlgorithmScripts/FeatureSelection/arff/weka/Correlation/default	20	/Users/srp33/Dropbox/ShinyLearner/AlgorithmScripts/Classification/tsv/sklearn/lda/default__tol=0.0001	Instance20	1	1	1.000000000	0.000000000	0.000000000
StrongSignal_Both	1	1	AlgorithmScripts/FeatureSelection/arff/weka/Correlation/default	20	/Users/srp33/Dropbox/ShinyLearner/AlgorithmScripts/Classification/tsv/sklearn/lda/default__tol=0.0001	Instance27	1	1	1.000000000	0.000000000	0.000000000
StrongSignal_Both	1	1	AlgorithmScripts/FeatureSelection/arff/weka/Correlation/default	20	/Users/srp33/Dropbox/ShinyLearner/AlgorithmScripts/Classification/tsv/sklearn/lda/default__tol=0.0001	Instance35	2	2	0.500000000	0.500000000	0.000000000
StrongSignal_Both	1	1	AlgorithmScripts/FeatureSelection/arff/weka/Correlation/default	20	/Users/srp33/Dropbox/ShinyLearner/AlgorithmScripts/Classification/tsv/sklearn/lda/default__tol=0.0001	Instance36	2	2	0.500000000	0.500000000	0.000000000
StrongSignal_Both	1	1	AlgorithmScripts/FeatureSelection/arff/weka/Correlation/default	20	/Users/srp33/Dropbox/ShinyLearner/AlgorithmScripts/Classification/tsv/sklearn/lda/default__tol=0.0001	Instance40	2	2	0.500000000	0.500000000	0.000000000
StrongSignal_Both	1	1	AlgorithmScripts/FeatureSelection/arff/weka/Correlation/default	20	/Users/srp33/Dropbox/ShinyLearner/AlgorithmScripts/Classification/tsv/sklearn/lda/default__tol=0.0001	Instance42	2	1	0.500000000	0.500000000	0.000000000
StrongSignal_Both	1	1	AlgorithmScripts/FeatureSelection/arff/weka/Correlation/default	20	/Users/srp33/Dropbox/ShinyLearner/AlgorithmScripts/Classification/tsv/sklearn/lda/default__tol=0.0001	Instance46	3	3	0.000000000	0.000000000	1.000000000
StrongSignal_Both	1	1	AlgorithmScripts/FeatureSelection/arff/weka/Correlation/default	20	/Users/srp33/Dropbox/ShinyLearner/AlgorithmScripts/Classification/tsv/sklearn/lda/default__tol=0.0001	Instance53	3	3	0.000000000	0.000000000	1.000000000
StrongSignal_Both	1	1	AlgorithmScripts/FeatureSelection/arff/weka/Correlation/default	20	/Users/srp33/Dropbox/ShinyLearner/AlgorithmScripts/Classification/tsv/sklearn/lda/default__tol=0.0001	Instance55	3	1	1.000000000	0.000000000	0.000000000
StrongSignal_Both	1	1	AlgorithmScripts/FeatureSelection/arff/weka/Correlation/default	20	/Users/srp33/Dropbox/ShinyLearner/AlgorithmScripts/Classification/tsv/sklearn/lda/default__tol=0.0001	Instance58	3	3	0.000000000	0.000000000	1.000000000
StrongSignal_Both	1	1	AlgorithmScripts/FeatureSelection/arff/weka/Correlation/default	20	/Users/srp33/Dropbox/ShinyLearner/AlgorithmScripts/Classification/tsv/sklearn/lda/default__tol=0.0001	Instance8	1	1	1.000000000	0.000000000	0.000000000
StrongSignal_Both	1	2	AlgorithmScripts/FeatureSelection/arff/weka/Correlation/default	10	/Users/srp33/Dropbox/ShinyLearner/AlgorithmScripts/Classification/tsv/sklearn/lda/default__tol=0.0001	Instance15	1	1	1.000000000	0.000000000	0.000000000
StrongSignal_Both	1	2	AlgorithmScripts/FeatureSelection/arff/weka/Correlation/default	10	/Users/srp33/Dropbox/ShinyLearner/AlgorithmScripts/Classification/tsv/sklearn/lda/default__tol=0.0001	Instance2	1	1	1.000000000	0.000000000	0.000000000
StrongSignal_Both	1	2	AlgorithmScripts/FeatureSelection/arff/weka/Correlation/default	10	/Users/srp33/Dropbox/ShinyLearner/AlgorithmScripts/Classification/tsv/sklearn/lda/default__tol=0.0001	Instance24	1	1	1.000000000	0.000000000	0.000000000
StrongSignal_Both	1	2	AlgorithmScripts/FeatureSelection/arff/weka/Correlation/default	10	/Users/srp33/Dropbox/ShinyLearner/AlgorithmScripts/Classification/tsv/sklearn/lda/default__tol=0.0001	Instance25	1	1	1.000000000	0.000000000	0.000000000
StrongSignal_Both	1	2	AlgorithmScripts/FeatureSelection/arff/weka/Correlation/default	10	/Users/srp33/Dropbox/ShinyLearner/AlgorithmScripts/Classification/tsv/sklearn/lda/default__tol=0.0001	Instance29	1	1	1.000000000	0.000000000	0.000000000
StrongSignal_Both	1	2	AlgorithmScripts/FeatureSelection/arff/weka/Correlation/default	10	/Users/srp33/Dropbox/ShinyLearner/AlgorithmScripts/Classification/tsv/sklearn/lda/default__tol=0.0001	Instance3	1	3	0.000001976	0.000000013	0.999998011
StrongSignal_Both	1	2	AlgorithmScripts/FeatureSelection/arff/weka/Correlation/default	10	/Users/srp33/Dropbox/ShinyLearner/AlgorithmScripts/Classification/tsv/sklearn/lda/default__tol=0.0001	Instance34	2	2	0.000000000	1.000000000	0.000000000
StrongSignal_Both	1	2	AlgorithmScripts/FeatureSelection/arff/weka/Correlation/default	10	/Users/srp33/Dropbox/ShinyLearner/AlgorithmScripts/Classification/tsv/sklearn/lda/default__tol=0.0001	Instance35	2	2	0.000000000	1.000000000	0.000000000
StrongSignal_Both	1	2	AlgorithmScripts/FeatureSelection/arff/weka/Correlation/default	10	/Users/srp33/Dropbox/ShinyLearner/AlgorithmScripts/Classification/tsv/sklearn/lda/default__tol=0.0001	Instance38	2	2	0.000000000	1.000000000	0.000000000
StrongSignal_Both	1	2	AlgorithmScripts/FeatureSelection/arff/weka/Correlation/default	10	/Users/srp33/Dropbox/ShinyLearner/AlgorithmScripts/Classification/tsv/sklearn/lda/default__tol=0.0001	Instance42	2	2	0.000000000	1.000000000	0.000000000
StrongSignal_Both	1	2	AlgorithmScripts/FeatureSelection/arff/weka/Correlation/default	10	/Users/srp33/Dropbox/ShinyLearner/AlgorithmScripts/Classification/tsv/sklearn/lda/default__tol=0.0001	Instance46	3	3	0.000000000	0.000000000	1.000000000
StrongSignal_Both	1	2	AlgorithmScripts/FeatureSelection/arff/weka/Correlation/default	10	/Users/srp33/Dropbox/ShinyLearner/AlgorithmScripts/Classification/tsv/sklearn/lda/default__tol=0.0001	Instance47	3	3	0.000000000	0.000000000	1.000000000
StrongSignal_Both	1	2	AlgorithmScripts/FeatureSelection/arff/weka/Correlation/default	10	/Users/srp33/Dropbox/ShinyLearner/AlgorithmScripts/Classification/tsv/sklearn/lda/default__tol=0.0001	Instance57	3	3	0.000000000	0.000000000	1.000000000
StrongSignal_Both	1	2	AlgorithmScripts/FeatureSelection/arff/weka/Correlation/default	10	/Users/srp33/Dropbox/ShinyLearner/AlgorithmScripts/Classification/tsv/sklearn/lda/default__tol=0.0001	Instance6	1	1	1.000000000	0.000000000	0.000000000
StrongSignal_Both	1	2	AlgorithmScripts/FeatureSelection/arff/weka/Correlation/default	10	/Users/srp33/Dropbox/ShinyLearner/AlgorithmScripts/Classification/tsv/sklearn/lda/default__tol=0.0001	Instance60	3	3	0.000000000	0.000000000	1.000000000
StrongSignal_Both	1	2	AlgorithmScripts/FeatureSelection/arff/weka/Correlation/default	20	/Users/srp33/Dropbox/ShinyLearner/AlgorithmScripts/Classification/tsv/sklearn/lda/default__tol=0.0001	Instance15	1	1	1.000000000	0.000000000	0.000000000
StrongSignal_Both	1	2	AlgorithmScripts/FeatureSelection/arff/weka/Correlation/default	20	/Users/srp33/Dropbox/ShinyLearner/AlgorithmScripts/Classification/tsv/sklearn/lda/default__tol=0.0001	Instance2	1	1	1.000000000	0.000000000	0.000000000
StrongSignal_Both	1	2	AlgorithmScripts/FeatureSelection/arff/weka/Correlation/default	20	/Users/srp33/Dropbox/ShinyLearner/AlgorithmScripts/Classification/tsv/sklearn/lda/default__tol=0.0001	Instance24	1	1	1.000000000	0.000000000	0.000000000
StrongSignal_Both	1	2	AlgorithmScripts/FeatureSelection/arff/weka/Correlation/default	20	/Users/srp33/Dropbox/ShinyLearner/AlgorithmScripts/Classification/tsv/sklearn/lda/default__tol=0.0001	Instance25	1	1	1.000000000	0.000000000	0.000000000
StrongSignal_Both	1	2	AlgorithmScripts/FeatureSelection/arff/weka/Correlation/default	20	/Users/srp33/Dropbox/ShinyLearner/AlgorithmScripts/Classification/tsv/sklearn/lda/default__tol=0.0001	Instance29	1	1	1.000000000	0.000000000	0.000000000
StrongSignal_Both	1	2	AlgorithmScripts/FeatureSelection/arff/weka/Correlation/default	20	/Users/srp33/Dropbox/ShinyLearner/AlgorithmScripts/Classification/tsv/sklearn/lda/default__tol=0.0001	Instance3	1	1	1.000000000	0.000000000	0.000000000
StrongSignal_Both	1	2	AlgorithmScripts/FeatureSelection/arff/weka/Correlation/default	20	/Users/srp33/Dropbox/ShinyLearner/AlgorithmScripts/Classification/tsv/sklearn/lda/default__tol=0.0001	Instance34	2	2	0.000000162	0.999999838	0.000000000
StrongSignal_Both	1	2	AlgorithmScripts/FeatureSelection/arff/weka/Correlation/default	20	/Users/srp33/Dropbox/ShinyLearner/AlgorithmScripts/Classification/tsv/sklearn/lda/default__tol=0.0001	Instance35	2	2	0.000000000	1.000000000	0.000000000
StrongSignal_Both	1	2	AlgorithmScripts/FeatureSelection/arff/weka/Correlation/default	20	/Users/srp33/Dropbox/ShinyLearner/AlgorithmScripts/Classification/tsv/sklearn/lda/default__tol=0.0001	Instance38	2	2	0.002065852	0.997934148	0.000000000
StrongSignal_Both	1	2	AlgorithmScripts/FeatureSelection/arff/weka/Correlation/default	20	/Users/srp33/Dropbox/ShinyLearner/AlgorithmScripts/Classification/tsv/sklearn/lda/default__tol=0.0001	Instance42	2	2	0.499440979	0.500559021	0.000000000
StrongSignal_Both	1	2	AlgorithmScripts/FeatureSelection/arff/weka/Correlation/default	20	/Users/srp33/Dropbox/ShinyLearner/AlgorithmScripts/Classification/tsv/sklearn/lda/default__tol=0.0001	Instance46	3	3	0.000000000	0.000000000	1.000000000
StrongSignal_Both	1	2	AlgorithmScripts/FeatureSelection/arff/weka/Correlation/default	20	/Users/srp33/Dropbox/ShinyLearner/AlgorithmScripts/Classification/tsv/sklearn/lda/default__tol=0.0001	Instance47	3	3	0.000000000	0.000000000	1.000000000
StrongSignal_Both	1	2	AlgorithmScripts/FeatureSelection/arff/weka/Correlation/default	20	/Users/srp33/Dropbox/ShinyLearner/AlgorithmScripts/Classification/tsv/sklearn/lda/default__tol=0.0001	Instance57	3	3	0.000000000	0.000000000	1.000000000
StrongSignal_Both	1	2	AlgorithmScripts/FeatureSelection/arff/weka/Correlation/default	20	/Users/srp33/Dropbox/ShinyLearner/AlgorithmScripts/Classification/tsv/sklearn/lda/default__tol=0.0001	Instance6	1	1	1.000000000	0.000000000	0.000000000
StrongSignal_Both	1	2	AlgorithmScripts/FeatureSelection/arff/weka/Correlation/default	20	/Users/srp33/Dropbox/ShinyLearner/AlgorithmScripts/Classification/tsv/sklearn/lda/default__tol=0.0001	Instance60	3	3	0.000000000	0.000000000	1.000000000
StrongSignal_Both	2	1	AlgorithmScripts/FeatureSelection/arff/weka/Correlation/default	10	/Users/srp33/Dropbox/ShinyLearner/AlgorithmScripts/Classification/tsv/sklearn/lda/default__tol=0.0001	Instance11	1	1	1.000000000	0.000000000	0.000000000
StrongSignal_Both	2	1	AlgorithmScripts/FeatureSelection/arff/weka/Correlation/default	10	/Users/srp33/Dropbox/ShinyLearner/AlgorithmScripts/Classification/tsv/sklearn/lda/default__tol=0.0001	Instance2	1	1	1.000000000	0.000000000	0.000000000
StrongSignal_Both	2	1	AlgorithmScripts/FeatureSelection/arff/weka/Correlation/default	10	/Users/srp33/Dropbox/ShinyLearner/AlgorithmScripts/Classification/tsv/sklearn/lda/default__tol=0.0001	Instance22	1	1	1.000000000	0.000000000	0.000000000
StrongSignal_Both	2	1	AlgorithmScripts/FeatureSelection/arff/weka/Correlation/default	10	/Users/srp33/Dropbox/ShinyLearner/AlgorithmScripts/Classification/tsv/sklearn/lda/default__tol=0.0001	Instance23	1	1	1.000000000	0.000000000	0.000000000
StrongSignal_Both	2	1	AlgorithmScripts/FeatureSelection/arff/weka/Correlation/default	10	/Users/srp33/Dropbox/ShinyLearner/AlgorithmScripts/Classification/tsv/sklearn/lda/default__tol=0.0001	Instance27	1	1	1.000000000	0.000000000	0.000000000
StrongSignal_Both	2	1	AlgorithmScripts/FeatureSelection/arff/weka/Correlation/default	10	/Users/srp33/Dropbox/ShinyLearner/AlgorithmScripts/Classification/tsv/sklearn/lda/default__tol=0.0001	Instance31	2	2	0.000000000	1.000000000	0.000000000
StrongSignal_Both	2	1	AlgorithmScripts/FeatureSelection/arff/weka/Correlation/default	10	/Users/srp33/Dropbox/ShinyLearner/AlgorithmScripts/Classification/tsv/sklearn/lda/default__tol=0.0001	Instance34	2	2	0.000000000	1.000000000	0.000000000
StrongSignal_Both	2	1	AlgorithmScripts/FeatureSelection/arff/weka/Correlation/default	10	/Users/srp33/Dropbox/ShinyLearner/AlgorithmScripts/Classification/tsv/sklearn/lda/default__tol=0.0001	Instance35	2	2	0.000000000	1.000000000	0.000000000
StrongSignal_Both	2	1	AlgorithmScripts/FeatureSelection/arff/weka/Correlation/default	10	/Users/srp33/Dropbox/ShinyLearner/AlgorithmScripts/Classification/tsv/sklearn/lda/default__tol=0.0001	Instance45	2	2	0.000000000	1.000000000	0.000000000
StrongSignal_Both	2	1	AlgorithmScripts/FeatureSelection/arff/weka/Correlation/default	10	/Users/srp33/Dropbox/ShinyLearner/AlgorithmScripts/Classification/tsv/sklearn/lda/default__tol=0.0001	Instance51	3	3	0.000000060	0.000000000	0.999999940
StrongSignal_Both	2	1	AlgorithmScripts/FeatureSelection/arff/weka/Correlation/default	10	/Users/srp33/Dropbox/ShinyLearner/AlgorithmScripts/Classification/tsv/sklearn/lda/default__tol=0.0001	Instance55	3	1	0.626947421	0.000000000	0.373052579
StrongSignal_Both	2	1	AlgorithmScripts/FeatureSelection/arff/weka/Correlation/default	10	/Users/srp33/Dropbox/ShinyLearner/AlgorithmScripts/Classification/tsv/sklearn/lda/default__tol=0.0001	Instance57	3	3	0.000000261	0.000000000	0.999999739
StrongSignal_Both	2	1	AlgorithmScripts/FeatureSelection/arff/weka/Correlation/default	10	/Users/srp33/Dropbox/ShinyLearner/AlgorithmScripts/Classification/tsv/sklearn/lda/default__tol=0.0001	Instance6	1	1	1.000000000	0.000000000	0.000000000
StrongSignal_Both	2	1	AlgorithmScripts/FeatureSelection/arff/weka/Correlation/default	10	/Users/srp33/Dropbox/ShinyLearner/AlgorithmScripts/Classification/tsv/sklearn/lda/default__tol=0.0001	Instance60	3	3	0.000000031	0.000000000	0.999999969
StrongSignal_Both	2	1	AlgorithmScripts/FeatureSelection/arff/weka/Correlation/default	10	/Users/srp33/Dropbox/ShinyLearner/AlgorithmScripts/Classification/tsv/sklearn/lda/default__tol=0.0001	Instance9	1	1	1.000000000	0.000000000	0.000000000
StrongSignal_Both	2	1	AlgorithmScripts/FeatureSelection/arff/weka/Correlation/default	20	/Users/srp33/Dropbox/ShinyLearner/AlgorithmScripts/Classification/tsv/sklearn/lda/default__tol=0.0001	Instance11	1	1	1.000000000	0.000000000	0.000000000
StrongSignal_Both	2	1	AlgorithmScripts/FeatureSelection/arff/weka/Correlation/default	20	/Users/srp33/Dropbox/ShinyLearner/AlgorithmScripts/Classification/tsv/sklearn/lda/default__tol=0.0001	Instance2	1	1	1.000000000	0.000000000	0.000000000
StrongSignal_Both	2	1	AlgorithmScripts/FeatureSelection/arff/weka/Correlation/default	20	/Users/srp33/Dropbox/ShinyLearner/AlgorithmScripts/Classification/tsv/sklearn/lda/default__tol=0.0001	Instance22	1	1	1.000000000	0.000000000	0.000000000
StrongSignal_Both	2	1	AlgorithmScripts/FeatureSelection/arff/weka/Correlation/default	20	/Users/srp33/Dropbox/ShinyLearner/AlgorithmScripts/Classification/tsv/sklearn/lda/default__tol=0.0001	Instance23	1	1	1.000000000	0.000000000	0.000000000
StrongSignal_Both	2	1	AlgorithmScripts/FeatureSelection/arff/weka/Correlation/default	20	/Users/srp33/Dropbox/ShinyLearner/AlgorithmScripts/Classification/tsv/sklearn/lda/default__tol=0.0001	Instance27	1	1	1.000000000	0.000000000	0.000000000
StrongSignal_Both	2	1	AlgorithmScripts/FeatureSelection/arff/weka/Correlation/default	20	/Users/srp33/Dropbox/ShinyLearner/AlgorithmScripts/Classification/tsv/sklearn/lda/default__tol=0.0001	Instance31	2	2	0.000000000	1.000000000	0.000000000
StrongSignal_Both	2	1	AlgorithmScripts/FeatureSelection/arff/weka/Correlation/default	20	/Users/srp33/Dropbox/ShinyLearner/AlgorithmScripts/Classification/tsv/sklearn/lda/default__tol=0.0001	Instance34	2	2	0.000000000	1.000000000	0.000000000
StrongSignal_Both	2	1	AlgorithmScripts/FeatureSelection/arff/weka/Correlation/default	20	/Users/srp33/Dropbox/ShinyLearner/AlgorithmScripts/Classification/tsv/sklearn/lda/default__tol=0.0001	Instance35	2	2	0.000000000	1.000000000	0.000000000
StrongSignal_Both	2	1	AlgorithmScripts/FeatureSelection/arff/weka/Correlation/default	20	/Users/srp33/Dropbox/ShinyLearner/AlgorithmScripts/Classification/tsv/sklearn/lda/default__tol=0.0001	Instance45	2	2	0.000000000	1.000000000	0.000000000
StrongSignal_Both	2	1	AlgorithmScripts/FeatureSelection/arff/weka/Correlation/default	20	/Users/srp33/Dropbox/ShinyLearner/AlgorithmScripts/Classification/tsv/sklearn/lda/default__tol=0.0001	Instance51	3	3	0.000000000	0.000000000	1.000000000
StrongSignal_Both	2	1	AlgorithmScripts/FeatureSelection/arff/weka/Correlation/default	20	/Users/srp33/Dropbox/ShinyLearner/AlgorithmScripts/Classification/tsv/sklearn/lda/default__tol=0.0001	Instance55	3	3	0.000000000	0.000000000	1.000000000
StrongSignal_Both	2	1	AlgorithmScripts/FeatureSelection/arff/weka/Correlation/default	20	/Users/srp33/Dropbox/ShinyLearner/AlgorithmScripts/Classification/tsv/sklearn/lda/default__tol=0.0001	Instance57	3	3	0.000000000	0.000000000	1.000000000
StrongSignal_Both	2	1	AlgorithmScripts/FeatureSelection/arff/weka/Correlation/default	20	/Users/srp33/Dropbox/ShinyLearner/AlgorithmScripts/Classification/tsv/sklearn/lda/default__tol=0.0001	Instance6	1	1	1.000000000	0.000000000	0.000000000
StrongSignal_Both	2	1	AlgorithmScripts/FeatureSelection/arff/weka/Correlation/default	20	/Users/srp33/Dropbox/ShinyLearner/AlgorithmScripts/Classification/tsv/sklearn/lda/default__tol=0.0001	Instance60	3	3	0.000000000	0.000000000	1.000000000
StrongSignal_Both	2	1	AlgorithmScripts/FeatureSelection/arff/weka/Correlation/default	20	/Users/srp33/Dropbox/ShinyLearner/AlgorithmScripts/Classification/tsv/sklearn/lda/default__tol=0.0001	Instance9	1	1	1.000000000	0.000000000	0.000000000
StrongSignal_Both	2	2	AlgorithmScripts/FeatureSelection/arff/weka/Correlation/default	10	/Users/srp33/Dropbox/ShinyLearner/AlgorithmScripts/Classification/tsv/sklearn/lda/default__tol=0.0001	Instance10	1	1	1.000000000	0.000000000	0.000000000
StrongSignal_Both	2	2	AlgorithmScripts/FeatureSelection/arff/weka/Correlation/default	10	/Users/srp33/Dropbox/ShinyLearner/AlgorithmScripts/Classification/tsv/sklearn/lda/default__tol=0.0001	Instance17	1	1	1.000000000	0.000000000	0.000000000
StrongSignal_Both	2	2	AlgorithmScripts/FeatureSelection/arff/weka/Correlation/default	10	/Users/srp33/Dropbox/ShinyLearner/AlgorithmScripts/Classification/tsv/sklearn/lda/default__tol=0.0001	Instance18	1	1	1.000000000	0.000000000	0.000000000
StrongSignal_Both	2	2	AlgorithmScripts/FeatureSelection/arff/weka/Correlation/default	10	/Users/srp33/Dropbox/ShinyLearner/AlgorithmScripts/Classification/tsv/sklearn/lda/default__tol=0.0001	Instance26	1	1	1.000000000	0.000000000	0.000000000
StrongSignal_Both	2	2	AlgorithmScripts/FeatureSelection/arff/weka/Correlation/default	10	/Users/srp33/Dropbox/ShinyLearner/AlgorithmScripts/Classification/tsv/sklearn/lda/default__tol=0.0001	Instance31	2	2	0.000000000	0.991238172	0.008761828
StrongSignal_Both	2	2	AlgorithmScripts/FeatureSelection/arff/weka/Correlation/default	10	/Users/srp33/Dropbox/ShinyLearner/AlgorithmScripts/Classification/tsv/sklearn/lda/default__tol=0.0001	Instance35	2	2	0.000000000	0.999797996	0.000202004
StrongSignal_Both	2	2	AlgorithmScripts/FeatureSelection/arff/weka/Correlation/default	10	/Users/srp33/Dropbox/ShinyLearner/AlgorithmScripts/Classification/tsv/sklearn/lda/default__tol=0.0001	Instance40	2	2	0.000000000	0.999999979	0.000000021
StrongSignal_Both	2	2	AlgorithmScripts/FeatureSelection/arff/weka/Correlation/default	10	/Users/srp33/Dropbox/ShinyLearner/AlgorithmScripts/Classification/tsv/sklearn/lda/default__tol=0.0001	Instance42	2	2	0.000000000	0.999664772	0.000335228
StrongSignal_Both	2	2	AlgorithmScripts/FeatureSelection/arff/weka/Correlation/default	10	/Users/srp33/Dropbox/ShinyLearner/AlgorithmScripts/Classification/tsv/sklearn/lda/default__tol=0.0001	Instance47	3	3	0.000000000	0.000000045	0.999999955
StrongSignal_Both	2	2	AlgorithmScripts/FeatureSelection/arff/weka/Correlation/default	10	/Users/srp33/Dropbox/ShinyLearner/AlgorithmScripts/Classification/tsv/sklearn/lda/default__tol=0.0001	Instance5	1	1	0.999975658	0.000000000	0.000024342
StrongSignal_Both	2	2	AlgorithmScripts/FeatureSelection/arff/weka/Correlation/default	10	/Users/srp33/Dropbox/ShinyLearner/AlgorithmScripts/Classification/tsv/sklearn/lda/default__tol=0.0001	Instance50	3	3	0.000000000	0.000000328	0.999999672
StrongSignal_Both	2	2	AlgorithmScripts/FeatureSelection/arff/weka/Correlation/default	10	/Users/srp33/Dropbox/ShinyLearner/AlgorithmScripts/Classification/tsv/sklearn/lda/default__tol=0.0001	Instance56	3	3	0.000000000	0.000000000	1.000000000
StrongSignal_Both	2	2	AlgorithmScripts/FeatureSelection/arff/weka/Correlation/default	10	/Users/srp33/Dropbox/ShinyLearner/AlgorithmScripts/Classification/tsv/sklearn/lda/default__tol=0.0001	Instance59	3	3	0.000000000	0.000000000	1.000000000
StrongSignal_Both	2	2	AlgorithmScripts/FeatureSelection/arff/weka/Correlation/default	10	/Users/srp33/Dropbox/ShinyLearner/AlgorithmScripts/Classification/tsv/sklearn/lda/default__tol=0.0001	Instance6	1	1	1.000000000	0.000000000	0.000000000
StrongSignal_Both	2	2	AlgorithmScripts/FeatureSelection/arff/weka/Correlation/default	10	/Users/srp33/Dropbox/ShinyLearner/AlgorithmScripts/Classification/tsv/sklearn/lda/default__tol=0.0001	Instance9	1	1	1.000000000	0.000000000	0.000000000
StrongSignal_Both	2	2	AlgorithmScripts/FeatureSelection/arff/weka/Correlation/default	20	/Users/srp33/Dropbox/ShinyLearner/AlgorithmScripts/Classification/tsv/sklearn/lda/default__tol=0.0001	Instance10	1	1	1.000000000	0.000000000	0.000000000
StrongSignal_Both	2	2	AlgorithmScripts/FeatureSelection/arff/weka/Correlation/default	20	/Users/srp33/Dropbox/ShinyLearner/AlgorithmScripts/Classification/tsv/sklearn/lda/default__tol=0.0001	Instance17	1	1	1.000000000	0.000000000	0.000000000
StrongSignal_Both	2	2	AlgorithmScripts/FeatureSelection/arff/weka/Correlation/default	20	/Users/srp33/Dropbox/ShinyLearner/AlgorithmScripts/Classification/tsv/sklearn/lda/default__tol=0.0001	Instance18	1	1	1.000000000	0.000000000	0.000000000
StrongSignal_Both	2	2	AlgorithmScripts/FeatureSelection/arff/weka/Correlation/default	20	/Users/srp33/Dropbox/ShinyLearner/AlgorithmScripts/Classification/tsv/sklearn/lda/default__tol=0.0001	Instance26	1	1	1.000000000	0.000000000	0.000000000
StrongSignal_Both	2	2	AlgorithmScripts/FeatureSelection/arff/weka/Correlation/default	20	/Users/srp33/Dropbox/ShinyLearner/AlgorithmScripts/Classification/tsv/sklearn/lda/default__tol=0.0001	Instance31	2	2	0.001492776	0.998507224	0.000000000
StrongSignal_Both	2	2	AlgorithmScripts/FeatureSelection/arff/weka/Correlation/default	20	/Users/srp33/Dropbox/ShinyLearner/AlgorithmScripts/Classification/tsv/sklearn/lda/default__tol=0.0001	Instance35	2	2	0.000000000	1.000000000	0.000000000
StrongSignal_Both	2	2	AlgorithmScripts/FeatureSelection/arff/weka/Correlation/default	20	/Users/srp33/Dropbox/ShinyLearner/AlgorithmScripts/Classification/tsv/sklearn/lda/default__tol=0.0001	Instance40	2	2	0.499693179	0.500306821	0.000000000
StrongSignal_Both	2	2	AlgorithmScripts/FeatureSelection/arff/weka/Correlation/default	20	/Users/srp33/Dropbox/ShinyLearner/AlgorithmScripts/Classification/tsv/sklearn/lda/default__tol=0.0001	Instance42	2	2	0.000000163	0.999999837	0.000000000
StrongSignal_Both	2	2	AlgorithmScripts/FeatureSelection/arff/weka/Correlation/default	20	/Users/srp33/Dropbox/ShinyLearner/AlgorithmScripts/Classification/tsv/sklearn/lda/default__tol=0.0001	Instance47	3	3	0.000000000	0.000000000	1.000000000
StrongSignal_Both	2	2	AlgorithmScripts/FeatureSelection/arff/weka/Correlation/default	20	/Users/srp33/Dropbox/ShinyLearner/AlgorithmScripts/Classification/tsv/sklearn/lda/default__tol=0.0001	Instance5	1	1	1.000000000	0.000000000	0.000000000
StrongSignal_Both	2	2	AlgorithmScripts/FeatureSelection/arff/weka/Correlation/default	20	/Users/srp33/Dropbox/ShinyLearner/AlgorithmScripts/Classification/tsv/sklearn/lda/default__tol=0.0001	Instance50	3	3	0.000000000	0.000000000	1.000000000
StrongSignal_Both	2	2	AlgorithmScripts/FeatureSelection/arff/weka/Correlation/default	20	/Users/srp33/Dropbox/ShinyLearner/AlgorithmScripts/Classification/tsv/sklearn/lda/default__tol=0.0001	Instance56	3	3	0.000000000	0.000000000	1.000000000
StrongSignal_Both	2	2	AlgorithmScripts/FeatureSelection/arff/weka/Correlation/default	20	/Users/srp33/Dropbox/ShinyLearner/AlgorithmScripts/Classification/tsv/sklearn/lda/default__tol=0.0001	Instance59	3	3	0.000000000	0.000000000	1.000000000
StrongSignal_Both	2	2	AlgorithmScripts/FeatureSelection/arff/weka/Correlation/default	20	/Users/srp33/Dropbox/ShinyLearner/AlgorithmScripts/Classification/tsv/sklearn/lda/default__tol=0.0001	Instance6	1	1	1.000000000	0.000000000	0.000000000
StrongSignal_Both	2	2	AlgorithmScripts/FeatureSelection/arff/weka/Correlation/default	20	/Users/srp33/Dropbox/ShinyLearner/AlgorithmScripts/Classification/tsv/sklearn/lda/default__tol=0.0001	Instance9	1	1	1.000000000	0.000000000	0.000000000
