Description	Iteration	Outer_Fold	Inner_Fold	Algorithm	Metric	Value
NoSignal_Both	1	1	1	AlgorithmScripts/Classification/tsv/sklearn/lda/default	Accuracy	0.644444444444444
NoSignal_Both	1	1	1	AlgorithmScripts/Classification/tsv/sklearn/lda/default	AUROC	0.441558441558442
NoSignal_Both	1	1	1	AlgorithmScripts/Classification/tsv/sklearn/lda/default	BalancedAccuracy	0.465277777777778
NoSignal_Both	1	1	1	AlgorithmScripts/Classification/tsv/sklearn/lda/default	Brier	0.214528124634361
NoSignal_Both	1	1	1	AlgorithmScripts/Classification/tsv/sklearn/lda/default	F1	NA
NoSignal_Both	1	1	1	AlgorithmScripts/Classification/tsv/sklearn/lda/default	FDR	NA
NoSignal_Both	1	1	1	AlgorithmScripts/Classification/tsv/sklearn/lda/default	FNR	0.708333333333333
NoSignal_Both	1	1	1	AlgorithmScripts/Classification/tsv/sklearn/lda/default	FPR	0.361111111111111
NoSignal_Both	1	1	1	AlgorithmScripts/Classification/tsv/sklearn/lda/default	MCC	NA
NoSignal_Both	1	1	1	AlgorithmScripts/Classification/tsv/sklearn/lda/default	MMCE	0.355555555555556
NoSignal_Both	1	1	1	AlgorithmScripts/Classification/tsv/sklearn/lda/default	NPV	0.506349206349206
NoSignal_Both	1	1	1	AlgorithmScripts/Classification/tsv/sklearn/lda/default	PPV	NA
NoSignal_Both	1	1	1	AlgorithmScripts/Classification/tsv/sklearn/lda/default	Precision	NA
NoSignal_Both	1	1	1	AlgorithmScripts/Classification/tsv/sklearn/lda/default	Recall	0.291666666666667
NoSignal_Both	1	1	1	AlgorithmScripts/Classification/tsv/sklearn/lda/default	TNR	0.638888888888889
NoSignal_Both	1	1	1	AlgorithmScripts/Classification/tsv/sklearn/lda/default	TPR	0.291666666666667
NoSignal_Both	1	1	1	AlgorithmScripts/Classification/tsv/sklearn/logistic_regression/default	Accuracy	0.555555555555556
NoSignal_Both	1	1	1	AlgorithmScripts/Classification/tsv/sklearn/logistic_regression/default	AUROC	0.2754329004329
NoSignal_Both	1	1	1	AlgorithmScripts/Classification/tsv/sklearn/logistic_regression/default	BalancedAccuracy	0.400703463203463
NoSignal_Both	1	1	1	AlgorithmScripts/Classification/tsv/sklearn/logistic_regression/default	Brier	0.292538923606423
NoSignal_Both	1	1	1	AlgorithmScripts/Classification/tsv/sklearn/logistic_regression/default	F1	NA
NoSignal_Both	1	1	1	AlgorithmScripts/Classification/tsv/sklearn/logistic_regression/default	FDR	NA
NoSignal_Both	1	1	1	AlgorithmScripts/Classification/tsv/sklearn/logistic_regression/default	FNR	0.791666666666667
NoSignal_Both	1	1	1	AlgorithmScripts/Classification/tsv/sklearn/logistic_regression/default	FPR	0.406926406926407
NoSignal_Both	1	1	1	AlgorithmScripts/Classification/tsv/sklearn/logistic_regression/default	MCC	NA
NoSignal_Both	1	1	1	AlgorithmScripts/Classification/tsv/sklearn/logistic_regression/default	MMCE	0.444444444444444
NoSignal_Both	1	1	1	AlgorithmScripts/Classification/tsv/sklearn/logistic_regression/default	NPV	0.562121212121212
NoSignal_Both	1	1	1	AlgorithmScripts/Classification/tsv/sklearn/logistic_regression/default	PPV	NA
NoSignal_Both	1	1	1	AlgorithmScripts/Classification/tsv/sklearn/logistic_regression/default	Precision	NA
NoSignal_Both	1	1	1	AlgorithmScripts/Classification/tsv/sklearn/logistic_regression/default	Recall	0.208333333333333
NoSignal_Both	1	1	1	AlgorithmScripts/Classification/tsv/sklearn/logistic_regression/default	TNR	0.593073593073593
NoSignal_Both	1	1	1	AlgorithmScripts/Classification/tsv/sklearn/logistic_regression/default	TPR	0.208333333333333
NoSignal_Both	1	1	2	AlgorithmScripts/Classification/tsv/sklearn/lda/default	Accuracy	0.644444444444444
NoSignal_Both	1	1	2	AlgorithmScripts/Classification/tsv/sklearn/lda/default	AUROC	0.512987012987013
NoSignal_Both	1	1	2	AlgorithmScripts/Classification/tsv/sklearn/lda/default	BalancedAccuracy	0.5
NoSignal_Both	1	1	2	AlgorithmScripts/Classification/tsv/sklearn/lda/default	Brier	0.21570613912562
NoSignal_Both	1	1	2	AlgorithmScripts/Classification/tsv/sklearn/lda/default	F1	NA
NoSignal_Both	1	1	2	AlgorithmScripts/Classification/tsv/sklearn/lda/default	FDR	NA
NoSignal_Both	1	1	2	AlgorithmScripts/Classification/tsv/sklearn/lda/default	FNR	0.666666666666667
NoSignal_Both	1	1	2	AlgorithmScripts/Classification/tsv/sklearn/lda/default	FPR	0.333333333333333
NoSignal_Both	1	1	2	AlgorithmScripts/Classification/tsv/sklearn/lda/default	MCC	NA
NoSignal_Both	1	1	2	AlgorithmScripts/Classification/tsv/sklearn/lda/default	MMCE	0.355555555555556
NoSignal_Both	1	1	2	AlgorithmScripts/Classification/tsv/sklearn/lda/default	NPV	NA
NoSignal_Both	1	1	2	AlgorithmScripts/Classification/tsv/sklearn/lda/default	PPV	NA
NoSignal_Both	1	1	2	AlgorithmScripts/Classification/tsv/sklearn/lda/default	Precision	NA
NoSignal_Both	1	1	2	AlgorithmScripts/Classification/tsv/sklearn/lda/default	Recall	0.333333333333333
NoSignal_Both	1	1	2	AlgorithmScripts/Classification/tsv/sklearn/lda/default	TNR	0.666666666666667
NoSignal_Both	1	1	2	AlgorithmScripts/Classification/tsv/sklearn/lda/default	TPR	0.333333333333333
NoSignal_Both	1	1	2	AlgorithmScripts/Classification/tsv/sklearn/logistic_regression/default	Accuracy	0.555555555555556
NoSignal_Both	1	1	2	AlgorithmScripts/Classification/tsv/sklearn/logistic_regression/default	AUROC	0.281926406926407
NoSignal_Both	1	1	2	AlgorithmScripts/Classification/tsv/sklearn/logistic_regression/default	BalancedAccuracy	0.42775974025974
NoSignal_Both	1	1	2	AlgorithmScripts/Classification/tsv/sklearn/logistic_regression/default	Brier	0.322199576924964
NoSignal_Both	1	1	2	AlgorithmScripts/Classification/tsv/sklearn/logistic_regression/default	F1	NA
NoSignal_Both	1	1	2	AlgorithmScripts/Classification/tsv/sklearn/logistic_regression/default	FDR	0.861111111111111
NoSignal_Both	1	1	2	AlgorithmScripts/Classification/tsv/sklearn/logistic_regression/default	FNR	0.761904761904762
NoSignal_Both	1	1	2	AlgorithmScripts/Classification/tsv/sklearn/logistic_regression/default	FPR	0.382575757575758
NoSignal_Both	1	1	2	AlgorithmScripts/Classification/tsv/sklearn/logistic_regression/default	MCC	-0.199378494211676
NoSignal_Both	1	1	2	AlgorithmScripts/Classification/tsv/sklearn/logistic_regression/default	MMCE	0.444444444444444
NoSignal_Both	1	1	2	AlgorithmScripts/Classification/tsv/sklearn/logistic_regression/default	NPV	0.57997557997558
NoSignal_Both	1	1	2	AlgorithmScripts/Classification/tsv/sklearn/logistic_regression/default	PPV	0.138888888888889
NoSignal_Both	1	1	2	AlgorithmScripts/Classification/tsv/sklearn/logistic_regression/default	Precision	0.138888888888889
NoSignal_Both	1	1	2	AlgorithmScripts/Classification/tsv/sklearn/logistic_regression/default	Recall	0.238095238095238
NoSignal_Both	1	1	2	AlgorithmScripts/Classification/tsv/sklearn/logistic_regression/default	TNR	0.617424242424242
NoSignal_Both	1	1	2	AlgorithmScripts/Classification/tsv/sklearn/logistic_regression/default	TPR	0.238095238095238
NoSignal_Both	1	2	1	AlgorithmScripts/Classification/tsv/sklearn/lda/default	Accuracy	0.688888888888889
NoSignal_Both	1	2	1	AlgorithmScripts/Classification/tsv/sklearn/lda/default	AUROC	0.453282828282828
NoSignal_Both	1	2	1	AlgorithmScripts/Classification/tsv/sklearn/lda/default	BalancedAccuracy	0.5
NoSignal_Both	1	2	1	AlgorithmScripts/Classification/tsv/sklearn/lda/default	Brier	0.2115738697789
NoSignal_Both	1	2	1	AlgorithmScripts/Classification/tsv/sklearn/lda/default	F1	NA
NoSignal_Both	1	2	1	AlgorithmScripts/Classification/tsv/sklearn/lda/default	FDR	NA
NoSignal_Both	1	2	1	AlgorithmScripts/Classification/tsv/sklearn/lda/default	FNR	0.666666666666667
NoSignal_Both	1	2	1	AlgorithmScripts/Classification/tsv/sklearn/lda/default	FPR	0.333333333333333
NoSignal_Both	1	2	1	AlgorithmScripts/Classification/tsv/sklearn/lda/default	MCC	NA
NoSignal_Both	1	2	1	AlgorithmScripts/Classification/tsv/sklearn/lda/default	MMCE	0.311111111111111
NoSignal_Both	1	2	1	AlgorithmScripts/Classification/tsv/sklearn/lda/default	NPV	NA
NoSignal_Both	1	2	1	AlgorithmScripts/Classification/tsv/sklearn/lda/default	PPV	NA
NoSignal_Both	1	2	1	AlgorithmScripts/Classification/tsv/sklearn/lda/default	Precision	NA
NoSignal_Both	1	2	1	AlgorithmScripts/Classification/tsv/sklearn/lda/default	Recall	0.333333333333333
NoSignal_Both	1	2	1	AlgorithmScripts/Classification/tsv/sklearn/lda/default	TNR	0.666666666666667
NoSignal_Both	1	2	1	AlgorithmScripts/Classification/tsv/sklearn/lda/default	TPR	0.333333333333333
NoSignal_Both	1	2	1	AlgorithmScripts/Classification/tsv/sklearn/logistic_regression/default	Accuracy	0.644444444444444
NoSignal_Both	1	2	1	AlgorithmScripts/Classification/tsv/sklearn/logistic_regression/default	AUROC	0.492664742664743
NoSignal_Both	1	2	1	AlgorithmScripts/Classification/tsv/sklearn/logistic_regression/default	BalancedAccuracy	0.518578643578644
NoSignal_Both	1	2	1	AlgorithmScripts/Classification/tsv/sklearn/logistic_regression/default	Brier	0.240065075698081
NoSignal_Both	1	2	1	AlgorithmScripts/Classification/tsv/sklearn/logistic_regression/default	F1	NA
NoSignal_Both	1	2	1	AlgorithmScripts/Classification/tsv/sklearn/logistic_regression/default	FDR	0.707070707070707
NoSignal_Both	1	2	1	AlgorithmScripts/Classification/tsv/sklearn/logistic_regression/default	FNR	0.638888888888889
NoSignal_Both	1	2	1	AlgorithmScripts/Classification/tsv/sklearn/logistic_regression/default	FPR	0.323953823953824
NoSignal_Both	1	2	1	AlgorithmScripts/Classification/tsv/sklearn/logistic_regression/default	MCC	0.0152644073542865
NoSignal_Both	1	2	1	AlgorithmScripts/Classification/tsv/sklearn/logistic_regression/default	MMCE	0.355555555555556
NoSignal_Both	1	2	1	AlgorithmScripts/Classification/tsv/sklearn/logistic_regression/default	NPV	0.682539682539683
NoSignal_Both	1	2	1	AlgorithmScripts/Classification/tsv/sklearn/logistic_regression/default	PPV	0.292929292929293
NoSignal_Both	1	2	1	AlgorithmScripts/Classification/tsv/sklearn/logistic_regression/default	Precision	0.292929292929293
NoSignal_Both	1	2	1	AlgorithmScripts/Classification/tsv/sklearn/logistic_regression/default	Recall	0.361111111111111
NoSignal_Both	1	2	1	AlgorithmScripts/Classification/tsv/sklearn/logistic_regression/default	TNR	0.676046176046176
NoSignal_Both	1	2	1	AlgorithmScripts/Classification/tsv/sklearn/logistic_regression/default	TPR	0.361111111111111
NoSignal_Both	1	2	2	AlgorithmScripts/Classification/tsv/sklearn/lda/default	Accuracy	0.6
NoSignal_Both	1	2	2	AlgorithmScripts/Classification/tsv/sklearn/lda/default	AUROC	0.596320346320346
NoSignal_Both	1	2	2	AlgorithmScripts/Classification/tsv/sklearn/lda/default	BalancedAccuracy	0.461038961038961
NoSignal_Both	1	2	2	AlgorithmScripts/Classification/tsv/sklearn/lda/default	Brier	0.214365273410344
NoSignal_Both	1	2	2	AlgorithmScripts/Classification/tsv/sklearn/lda/default	F1	NA
NoSignal_Both	1	2	2	AlgorithmScripts/Classification/tsv/sklearn/lda/default	FDR	NA
NoSignal_Both	1	2	2	AlgorithmScripts/Classification/tsv/sklearn/lda/default	FNR	0.714285714285714
NoSignal_Both	1	2	2	AlgorithmScripts/Classification/tsv/sklearn/lda/default	FPR	0.363636363636364
NoSignal_Both	1	2	2	AlgorithmScripts/Classification/tsv/sklearn/lda/default	MCC	NA
NoSignal_Both	1	2	2	AlgorithmScripts/Classification/tsv/sklearn/lda/default	MMCE	0.4
NoSignal_Both	1	2	2	AlgorithmScripts/Classification/tsv/sklearn/lda/default	NPV	0.482539682539683
NoSignal_Both	1	2	2	AlgorithmScripts/Classification/tsv/sklearn/lda/default	PPV	NA
NoSignal_Both	1	2	2	AlgorithmScripts/Classification/tsv/sklearn/lda/default	Precision	NA
NoSignal_Both	1	2	2	AlgorithmScripts/Classification/tsv/sklearn/lda/default	Recall	0.285714285714286
NoSignal_Both	1	2	2	AlgorithmScripts/Classification/tsv/sklearn/lda/default	TNR	0.636363636363636
NoSignal_Both	1	2	2	AlgorithmScripts/Classification/tsv/sklearn/lda/default	TPR	0.285714285714286
NoSignal_Both	1	2	2	AlgorithmScripts/Classification/tsv/sklearn/logistic_regression/default	Accuracy	0.6
NoSignal_Both	1	2	2	AlgorithmScripts/Classification/tsv/sklearn/logistic_regression/default	AUROC	0.484307359307359
NoSignal_Both	1	2	2	AlgorithmScripts/Classification/tsv/sklearn/logistic_regression/default	BalancedAccuracy	0.466720779220779
NoSignal_Both	1	2	2	AlgorithmScripts/Classification/tsv/sklearn/logistic_regression/default	Brier	0.275065212936364
NoSignal_Both	1	2	2	AlgorithmScripts/Classification/tsv/sklearn/logistic_regression/default	F1	NA
NoSignal_Both	1	2	2	AlgorithmScripts/Classification/tsv/sklearn/logistic_regression/default	FDR	0.846153846153846
NoSignal_Both	1	2	2	AlgorithmScripts/Classification/tsv/sklearn/logistic_regression/default	FNR	0.714285714285714
NoSignal_Both	1	2	2	AlgorithmScripts/Classification/tsv/sklearn/logistic_regression/default	FPR	0.352272727272727
NoSignal_Both	1	2	2	AlgorithmScripts/Classification/tsv/sklearn/logistic_regression/default	MCC	-0.116178768842733
NoSignal_Both	1	2	2	AlgorithmScripts/Classification/tsv/sklearn/logistic_regression/default	MMCE	0.4
NoSignal_Both	1	2	2	AlgorithmScripts/Classification/tsv/sklearn/logistic_regression/default	NPV	0.642857142857143
NoSignal_Both	1	2	2	AlgorithmScripts/Classification/tsv/sklearn/logistic_regression/default	PPV	0.153846153846154
NoSignal_Both	1	2	2	AlgorithmScripts/Classification/tsv/sklearn/logistic_regression/default	Precision	0.153846153846154
NoSignal_Both	1	2	2	AlgorithmScripts/Classification/tsv/sklearn/logistic_regression/default	Recall	0.285714285714286
NoSignal_Both	1	2	2	AlgorithmScripts/Classification/tsv/sklearn/logistic_regression/default	TNR	0.647727272727273
NoSignal_Both	1	2	2	AlgorithmScripts/Classification/tsv/sklearn/logistic_regression/default	TPR	0.285714285714286
NoSignal_Both	2	1	1	AlgorithmScripts/Classification/tsv/sklearn/lda/default	Accuracy	0.688888888888889
NoSignal_Both	2	1	1	AlgorithmScripts/Classification/tsv/sklearn/lda/default	AUROC	0.535654160654161
NoSignal_Both	2	1	1	AlgorithmScripts/Classification/tsv/sklearn/lda/default	BalancedAccuracy	0.5
NoSignal_Both	2	1	1	AlgorithmScripts/Classification/tsv/sklearn/lda/default	Brier	0.209715016304138
NoSignal_Both	2	1	1	AlgorithmScripts/Classification/tsv/sklearn/lda/default	F1	NA
NoSignal_Both	2	1	1	AlgorithmScripts/Classification/tsv/sklearn/lda/default	FDR	NA
NoSignal_Both	2	1	1	AlgorithmScripts/Classification/tsv/sklearn/lda/default	FNR	0.666666666666667
NoSignal_Both	2	1	1	AlgorithmScripts/Classification/tsv/sklearn/lda/default	FPR	0.333333333333333
NoSignal_Both	2	1	1	AlgorithmScripts/Classification/tsv/sklearn/lda/default	MCC	NA
NoSignal_Both	2	1	1	AlgorithmScripts/Classification/tsv/sklearn/lda/default	MMCE	0.311111111111111
NoSignal_Both	2	1	1	AlgorithmScripts/Classification/tsv/sklearn/lda/default	NPV	NA
NoSignal_Both	2	1	1	AlgorithmScripts/Classification/tsv/sklearn/lda/default	PPV	NA
NoSignal_Both	2	1	1	AlgorithmScripts/Classification/tsv/sklearn/lda/default	Precision	NA
NoSignal_Both	2	1	1	AlgorithmScripts/Classification/tsv/sklearn/lda/default	Recall	0.333333333333333
NoSignal_Both	2	1	1	AlgorithmScripts/Classification/tsv/sklearn/lda/default	TNR	0.666666666666667
NoSignal_Both	2	1	1	AlgorithmScripts/Classification/tsv/sklearn/lda/default	TPR	0.333333333333333
NoSignal_Both	2	1	1	AlgorithmScripts/Classification/tsv/sklearn/logistic_regression/default	Accuracy	0.466666666666667
NoSignal_Both	2	1	1	AlgorithmScripts/Classification/tsv/sklearn/logistic_regression/default	AUROC	0.479737854737855
NoSignal_Both	2	1	1	AlgorithmScripts/Classification/tsv/sklearn/logistic_regression/default	BalancedAccuracy	0.352362914862915
NoSignal_Both	2	1	1	AlgorithmScripts/Classification/tsv/sklearn/logistic_regression/default	Brier	0.283930900115997
NoSignal_Both	2	1	1	AlgorithmScripts/Classification/tsv/sklearn/logistic_regression/default	F1	NA
NoSignal_Both	2	1	1	AlgorithmScripts/Classification/tsv/sklearn/logistic_regression/default	FDR	0.857142857142857
NoSignal_Both	2	1	1	AlgorithmScripts/Classification/tsv/sklearn/logistic_regression/default	FNR	0.875
NoSignal_Both	2	1	1	AlgorithmScripts/Classification/tsv/sklearn/logistic_regression/default	FPR	0.42027417027417
NoSignal_Both	2	1	1	AlgorithmScripts/Classification/tsv/sklearn/logistic_regression/default	MCC	-0.28383110219987
NoSignal_Both	2	1	1	AlgorithmScripts/Classification/tsv/sklearn/logistic_regression/default	MMCE	0.533333333333333
NoSignal_Both	2	1	1	AlgorithmScripts/Classification/tsv/sklearn/logistic_regression/default	NPV	0.580555555555555
NoSignal_Both	2	1	1	AlgorithmScripts/Classification/tsv/sklearn/logistic_regression/default	PPV	0.142857142857143
NoSignal_Both	2	1	1	AlgorithmScripts/Classification/tsv/sklearn/logistic_regression/default	Precision	0.142857142857143
NoSignal_Both	2	1	1	AlgorithmScripts/Classification/tsv/sklearn/logistic_regression/default	Recall	0.125
NoSignal_Both	2	1	1	AlgorithmScripts/Classification/tsv/sklearn/logistic_regression/default	TNR	0.57972582972583
NoSignal_Both	2	1	1	AlgorithmScripts/Classification/tsv/sklearn/logistic_regression/default	TPR	0.125
NoSignal_Both	2	1	2	AlgorithmScripts/Classification/tsv/sklearn/lda/default	Accuracy	0.644444444444444
NoSignal_Both	2	1	2	AlgorithmScripts/Classification/tsv/sklearn/lda/default	AUROC	0.541666666666667
NoSignal_Both	2	1	2	AlgorithmScripts/Classification/tsv/sklearn/lda/default	BalancedAccuracy	0.5
NoSignal_Both	2	1	2	AlgorithmScripts/Classification/tsv/sklearn/lda/default	Brier	0.216279500587383
NoSignal_Both	2	1	2	AlgorithmScripts/Classification/tsv/sklearn/lda/default	F1	NA
NoSignal_Both	2	1	2	AlgorithmScripts/Classification/tsv/sklearn/lda/default	FDR	NA
NoSignal_Both	2	1	2	AlgorithmScripts/Classification/tsv/sklearn/lda/default	FNR	0.666666666666667
NoSignal_Both	2	1	2	AlgorithmScripts/Classification/tsv/sklearn/lda/default	FPR	0.333333333333333
NoSignal_Both	2	1	2	AlgorithmScripts/Classification/tsv/sklearn/lda/default	MCC	NA
NoSignal_Both	2	1	2	AlgorithmScripts/Classification/tsv/sklearn/lda/default	MMCE	0.355555555555556
NoSignal_Both	2	1	2	AlgorithmScripts/Classification/tsv/sklearn/lda/default	NPV	NA
NoSignal_Both	2	1	2	AlgorithmScripts/Classification/tsv/sklearn/lda/default	PPV	NA
NoSignal_Both	2	1	2	AlgorithmScripts/Classification/tsv/sklearn/lda/default	Precision	NA
NoSignal_Both	2	1	2	AlgorithmScripts/Classification/tsv/sklearn/lda/default	Recall	0.333333333333333
NoSignal_Both	2	1	2	AlgorithmScripts/Classification/tsv/sklearn/lda/default	TNR	0.666666666666667
NoSignal_Both	2	1	2	AlgorithmScripts/Classification/tsv/sklearn/lda/default	TPR	0.333333333333333
NoSignal_Both	2	1	2	AlgorithmScripts/Classification/tsv/sklearn/logistic_regression/default	Accuracy	0.6
NoSignal_Both	2	1	2	AlgorithmScripts/Classification/tsv/sklearn/logistic_regression/default	AUROC	0.501623376623377
NoSignal_Both	2	1	2	AlgorithmScripts/Classification/tsv/sklearn/logistic_regression/default	BalancedAccuracy	0.513798701298701
NoSignal_Both	2	1	2	AlgorithmScripts/Classification/tsv/sklearn/logistic_regression/default	Brier	0.253450663468604
NoSignal_Both	2	1	2	AlgorithmScripts/Classification/tsv/sklearn/logistic_regression/default	F1	NA
NoSignal_Both	2	1	2	AlgorithmScripts/Classification/tsv/sklearn/logistic_regression/default	FDR	0.718518518518519
NoSignal_Both	2	1	2	AlgorithmScripts/Classification/tsv/sklearn/logistic_regression/default	FNR	0.642857142857143
NoSignal_Both	2	1	2	AlgorithmScripts/Classification/tsv/sklearn/logistic_regression/default	FPR	0.329545454545455
NoSignal_Both	2	1	2	AlgorithmScripts/Classification/tsv/sklearn/logistic_regression/default	MCC	-8.39449669487911e-4
NoSignal_Both	2	1	2	AlgorithmScripts/Classification/tsv/sklearn/logistic_regression/default	MMCE	0.4
NoSignal_Both	2	1	2	AlgorithmScripts/Classification/tsv/sklearn/logistic_regression/default	NPV	0.671428571428571
NoSignal_Both	2	1	2	AlgorithmScripts/Classification/tsv/sklearn/logistic_regression/default	PPV	0.281481481481481
NoSignal_Both	2	1	2	AlgorithmScripts/Classification/tsv/sklearn/logistic_regression/default	Precision	0.281481481481481
NoSignal_Both	2	1	2	AlgorithmScripts/Classification/tsv/sklearn/logistic_regression/default	Recall	0.357142857142857
NoSignal_Both	2	1	2	AlgorithmScripts/Classification/tsv/sklearn/logistic_regression/default	TNR	0.670454545454545
NoSignal_Both	2	1	2	AlgorithmScripts/Classification/tsv/sklearn/logistic_regression/default	TPR	0.357142857142857
NoSignal_Both	2	2	1	AlgorithmScripts/Classification/tsv/sklearn/lda/default	Accuracy	0.688888888888889
NoSignal_Both	2	2	1	AlgorithmScripts/Classification/tsv/sklearn/lda/default	AUROC	0.44510582010582
NoSignal_Both	2	2	1	AlgorithmScripts/Classification/tsv/sklearn/lda/default	BalancedAccuracy	0.5
NoSignal_Both	2	2	1	AlgorithmScripts/Classification/tsv/sklearn/lda/default	Brier	0.207427513956259
NoSignal_Both	2	2	1	AlgorithmScripts/Classification/tsv/sklearn/lda/default	F1	NA
NoSignal_Both	2	2	1	AlgorithmScripts/Classification/tsv/sklearn/lda/default	FDR	NA
NoSignal_Both	2	2	1	AlgorithmScripts/Classification/tsv/sklearn/lda/default	FNR	0.666666666666667
NoSignal_Both	2	2	1	AlgorithmScripts/Classification/tsv/sklearn/lda/default	FPR	0.333333333333333
NoSignal_Both	2	2	1	AlgorithmScripts/Classification/tsv/sklearn/lda/default	MCC	NA
NoSignal_Both	2	2	1	AlgorithmScripts/Classification/tsv/sklearn/lda/default	MMCE	0.311111111111111
NoSignal_Both	2	2	1	AlgorithmScripts/Classification/tsv/sklearn/lda/default	NPV	NA
NoSignal_Both	2	2	1	AlgorithmScripts/Classification/tsv/sklearn/lda/default	PPV	NA
NoSignal_Both	2	2	1	AlgorithmScripts/Classification/tsv/sklearn/lda/default	Precision	NA
NoSignal_Both	2	2	1	AlgorithmScripts/Classification/tsv/sklearn/lda/default	Recall	0.333333333333333
NoSignal_Both	2	2	1	AlgorithmScripts/Classification/tsv/sklearn/lda/default	TNR	0.666666666666667
NoSignal_Both	2	2	1	AlgorithmScripts/Classification/tsv/sklearn/lda/default	TPR	0.333333333333333
NoSignal_Both	2	2	1	AlgorithmScripts/Classification/tsv/sklearn/logistic_regression/default	Accuracy	0.6
NoSignal_Both	2	2	1	AlgorithmScripts/Classification/tsv/sklearn/logistic_regression/default	AUROC	0.543350168350168
NoSignal_Both	2	2	1	AlgorithmScripts/Classification/tsv/sklearn/logistic_regression/default	BalancedAccuracy	0.478625541125541
NoSignal_Both	2	2	1	AlgorithmScripts/Classification/tsv/sklearn/logistic_regression/default	Brier	0.248378036129562
NoSignal_Both	2	2	1	AlgorithmScripts/Classification/tsv/sklearn/logistic_regression/default	F1	NA
NoSignal_Both	2	2	1	AlgorithmScripts/Classification/tsv/sklearn/logistic_regression/default	FDR	0.703703703703704
NoSignal_Both	2	2	1	AlgorithmScripts/Classification/tsv/sklearn/logistic_regression/default	FNR	0.708333333333333
NoSignal_Both	2	2	1	AlgorithmScripts/Classification/tsv/sklearn/logistic_regression/default	FPR	0.334415584415584
NoSignal_Both	2	2	1	AlgorithmScripts/Classification/tsv/sklearn/logistic_regression/default	MCC	-0.0400225637655203
NoSignal_Both	2	2	1	AlgorithmScripts/Classification/tsv/sklearn/logistic_regression/default	MMCE	0.4
NoSignal_Both	2	2	1	AlgorithmScripts/Classification/tsv/sklearn/logistic_regression/default	NPV	0.666666666666667
NoSignal_Both	2	2	1	AlgorithmScripts/Classification/tsv/sklearn/logistic_regression/default	PPV	0.296296296296296
NoSignal_Both	2	2	1	AlgorithmScripts/Classification/tsv/sklearn/logistic_regression/default	Precision	0.296296296296296
NoSignal_Both	2	2	1	AlgorithmScripts/Classification/tsv/sklearn/logistic_regression/default	Recall	0.291666666666667
NoSignal_Both	2	2	1	AlgorithmScripts/Classification/tsv/sklearn/logistic_regression/default	TNR	0.665584415584416
NoSignal_Both	2	2	1	AlgorithmScripts/Classification/tsv/sklearn/logistic_regression/default	TPR	0.291666666666667
NoSignal_Both	2	2	2	AlgorithmScripts/Classification/tsv/sklearn/lda/default	Accuracy	0.644444444444444
NoSignal_Both	2	2	2	AlgorithmScripts/Classification/tsv/sklearn/lda/default	AUROC	0.522186147186147
NoSignal_Both	2	2	2	AlgorithmScripts/Classification/tsv/sklearn/lda/default	BalancedAccuracy	0.5
NoSignal_Both	2	2	2	AlgorithmScripts/Classification/tsv/sklearn/lda/default	Brier	0.215783994288968
NoSignal_Both	2	2	2	AlgorithmScripts/Classification/tsv/sklearn/lda/default	F1	NA
NoSignal_Both	2	2	2	AlgorithmScripts/Classification/tsv/sklearn/lda/default	FDR	NA
NoSignal_Both	2	2	2	AlgorithmScripts/Classification/tsv/sklearn/lda/default	FNR	0.666666666666667
NoSignal_Both	2	2	2	AlgorithmScripts/Classification/tsv/sklearn/lda/default	FPR	0.333333333333333
NoSignal_Both	2	2	2	AlgorithmScripts/Classification/tsv/sklearn/lda/default	MCC	NA
NoSignal_Both	2	2	2	AlgorithmScripts/Classification/tsv/sklearn/lda/default	MMCE	0.355555555555556
NoSignal_Both	2	2	2	AlgorithmScripts/Classification/tsv/sklearn/lda/default	NPV	NA
NoSignal_Both	2	2	2	AlgorithmScripts/Classification/tsv/sklearn/lda/default	PPV	NA
NoSignal_Both	2	2	2	AlgorithmScripts/Classification/tsv/sklearn/lda/default	Precision	NA
NoSignal_Both	2	2	2	AlgorithmScripts/Classification/tsv/sklearn/lda/default	Recall	0.333333333333333
NoSignal_Both	2	2	2	AlgorithmScripts/Classification/tsv/sklearn/lda/default	TNR	0.666666666666667
NoSignal_Both	2	2	2	AlgorithmScripts/Classification/tsv/sklearn/lda/default	TPR	0.333333333333333
NoSignal_Both	2	2	2	AlgorithmScripts/Classification/tsv/sklearn/logistic_regression/default	Accuracy	0.644444444444444
NoSignal_Both	2	2	2	AlgorithmScripts/Classification/tsv/sklearn/logistic_regression/default	AUROC	0.486471861471861
NoSignal_Both	2	2	2	AlgorithmScripts/Classification/tsv/sklearn/logistic_regression/default	BalancedAccuracy	0.5
NoSignal_Both	2	2	2	AlgorithmScripts/Classification/tsv/sklearn/logistic_regression/default	Brier	0.261646912385278
NoSignal_Both	2	2	2	AlgorithmScripts/Classification/tsv/sklearn/logistic_regression/default	F1	NA
NoSignal_Both	2	2	2	AlgorithmScripts/Classification/tsv/sklearn/logistic_regression/default	FDR	NA
NoSignal_Both	2	2	2	AlgorithmScripts/Classification/tsv/sklearn/logistic_regression/default	FNR	0.666666666666667
NoSignal_Both	2	2	2	AlgorithmScripts/Classification/tsv/sklearn/logistic_regression/default	FPR	0.333333333333333
NoSignal_Both	2	2	2	AlgorithmScripts/Classification/tsv/sklearn/logistic_regression/default	MCC	NA
NoSignal_Both	2	2	2	AlgorithmScripts/Classification/tsv/sklearn/logistic_regression/default	MMCE	0.355555555555556
NoSignal_Both	2	2	2	AlgorithmScripts/Classification/tsv/sklearn/logistic_regression/default	NPV	NA
NoSignal_Both	2	2	2	AlgorithmScripts/Classification/tsv/sklearn/logistic_regression/default	PPV	NA
NoSignal_Both	2	2	2	AlgorithmScripts/Classification/tsv/sklearn/logistic_regression/default	Precision	NA
NoSignal_Both	2	2	2	AlgorithmScripts/Classification/tsv/sklearn/logistic_regression/default	Recall	0.333333333333333
NoSignal_Both	2	2	2	AlgorithmScripts/Classification/tsv/sklearn/logistic_regression/default	TNR	0.666666666666667
NoSignal_Both	2	2	2	AlgorithmScripts/Classification/tsv/sklearn/logistic_regression/default	TPR	0.333333333333333
