Description	Iteration	Outer_Fold	Inner_Fold	Algorithm	Features
StrongSignal_Both	1	1	1	AlgorithmScripts/FeatureSelection/tsv/sklearn/random_forest_rfe/default	Feature42,Feature1,Feature11,Feature12,Feature2,Feature24,Feature3,Feature4,Feature46,Feature5,Feature52_Low,Feature52_Medium,Feature53_Low,Feature9,Feature91_Medium,Feature13,Feature17,Feature19,Feature20,Feature25,Feature27,Feature32,Feature33,Feature37,Feature51_Medium,Feature54_Low,Feature55_Low,Feature55_Medium,Feature59_Low,Feature81_Medium,Feature10,Feature14,Feature15,Feature16,Feature18,Feature28,Feature30,Feature34,Feature35,Feature45,Feature47,Feature59_Medium,Feature7,Feature94_Low,Feature97_Low,Feature100_Low,Feature100_Medium,Feature21,Feature31,Feature36,Feature38,Feature39,Feature43,Feature48,Feature53_Medium,Feature91_Low,Feature92_Low,Feature93_Low,Feature96_Medium,Feature97_Medium,Feature40,Feature44,Feature49,Feature54_Medium,Feature58_Medium,Feature6,Feature90_Medium,Feature92_Medium,Feature93_Medium,Feature94_Medium,Feature95_Low,Feature95_Medium,Feature96_Low,Feature98_Low,Feature98_Medium,Feature22,Feature23,Feature26,Feature29,Feature56_Low,Feature57_Low,Feature57_Medium,Feature58_Low,Feature60_Medium,Feature61_Low,Feature61_Medium,Feature62_Low,Feature62_Medium,Feature80_Low,Feature99_Low,Feature41,Feature50,Feature51_Low,Feature63_Low,Feature66_Low,Feature69_Medium,Feature72_Medium,Feature74_Medium,Feature80_Medium,Feature82_Medium,Feature84_Medium,Feature88_Medium,Feature89_Low,Feature90_Low,Feature99_Medium,Feature56_Medium,Feature65_Medium,Feature81_Low,Feature82_Low,Feature83_Low,Feature83_Medium,Feature84_Low,Feature85_Low,Feature85_Medium,Feature86_Low,Feature86_Medium,Feature87_Low,Feature87_Medium,Feature88_Low,Feature89_Medium,Feature60_Low,Feature64_Low,Feature64_Medium,Feature65_Low,Feature66_Medium,Feature67_Low,Feature67_Medium,Feature68_Low,Feature68_Medium,Feature69_Low,Feature70_Low,Feature71_Medium,Feature79_Low,Feature79_Medium,Feature8,Feature63_Medium,Feature70_Medium,Feature71_Low,Feature72_Low,Feature73_Low,Feature73_Medium,Feature74_Low,Feature75_Low,Feature75_Medium,Feature76_Low,Feature76_Medium,Feature77_Low,Feature77_Medium,Feature78_Low,Feature78_Medium
StrongSignal_Both	1	1	1	AlgorithmScripts/FeatureSelection/tsv/sklearn/random_logistic_regression/default	Feature52_Medium,Feature52_Low,Feature4,Feature3,Feature51_Medium,Feature54_Medium,Feature55_Low,Feature54_Low,Feature53_Medium,Feature5,Feature42,Feature87_Medium,Feature1,Feature55_Medium,Feature2,Feature51_Low,Feature98_Low,Feature59_Low,Feature92_Medium,Feature81_Medium,Feature99_Medium,Feature53_Low,Feature72_Medium,Feature98_Medium,Feature97_Medium,Feature97_Low,Feature86_Low,Feature46,Feature25,Feature91_Medium,Feature9,Feature89_Low,Feature70_Medium,Feature64_Medium,Feature27,Feature24,Feature99_Low,Feature96_Medium,Feature96_Low,Feature95_Medium,Feature95_Low,Feature94_Medium,Feature94_Low,Feature93_Medium,Feature93_Low,Feature92_Low,Feature91_Low,Feature90_Medium,Feature90_Low,Feature89_Medium,Feature88_Medium,Feature88_Low,Feature87_Low,Feature86_Medium,Feature85_Medium,Feature85_Low,Feature84_Medium,Feature84_Low,Feature83_Medium,Feature83_Low,Feature82_Medium,Feature82_Low,Feature81_Low,Feature80_Medium,Feature80_Low,Feature8,Feature79_Medium,Feature79_Low,Feature78_Medium,Feature78_Low,Feature77_Medium,Feature77_Low,Feature76_Medium,Feature76_Low,Feature75_Medium,Feature75_Low,Feature74_Medium,Feature74_Low,Feature73_Medium,Feature73_Low,Feature72_Low,Feature71_Medium,Feature71_Low,Feature70_Low,Feature7,Feature69_Medium,Feature69_Low,Feature68_Medium,Feature68_Low,Feature67_Medium,Feature67_Low,Feature66_Medium,Feature66_Low,Feature65_Medium,Feature65_Low,Feature64_Low,Feature63_Medium,Feature63_Low,Feature62_Medium,Feature62_Low,Feature61_Medium,Feature61_Low,Feature60_Medium,Feature60_Low,Feature6,Feature59_Medium,Feature58_Medium,Feature58_Low,Feature57_Medium,Feature57_Low,Feature56_Medium,Feature56_Low,Feature50,Feature49,Feature48,Feature47,Feature45,Feature44,Feature43,Feature41,Feature40,Feature39,Feature38,Feature37,Feature36,Feature35,Feature34,Feature33,Feature32,Feature31,Feature30,Feature29,Feature28,Feature26,Feature23,Feature22,Feature21,Feature20,Feature19,Feature18,Feature17,Feature16,Feature15,Feature14,Feature13,Feature12,Feature11,Feature100_Medium,Feature100_Low,Feature10
StrongSignal_Both	1	1	2	AlgorithmScripts/FeatureSelection/tsv/sklearn/random_forest_rfe/default	Feature3,Feature1,Feature11,Feature12,Feature14,Feature19,Feature2,Feature24,Feature37,Feature4,Feature43,Feature5,Feature53_Low,Feature55_Medium,Feature64_Medium,Feature16,Feature18,Feature20,Feature21,Feature22,Feature23,Feature34,Feature41,Feature44,Feature50,Feature55_Low,Feature59_Low,Feature59_Medium,Feature8,Feature96_Medium,Feature10,Feature13,Feature15,Feature30,Feature32,Feature35,Feature36,Feature39,Feature40,Feature42,Feature49,Feature65_Medium,Feature78_Medium,Feature89_Medium,Feature94_Low,Feature100_Low,Feature100_Medium,Feature17,Feature28,Feature33,Feature51_Low,Feature67_Low,Feature67_Medium,Feature91_Low,Feature91_Medium,Feature92_Low,Feature92_Medium,Feature93_Low,Feature95_Medium,Feature96_Low,Feature25,Feature26,Feature27,Feature29,Feature31,Feature64_Low,Feature65_Low,Feature68_Low,Feature68_Medium,Feature69_Low,Feature7,Feature70_Low,Feature83_Low,Feature9,Feature97_Medium,Feature38,Feature45,Feature47,Feature56_Low,Feature60_Low,Feature60_Medium,Feature61_Medium,Feature62_Low,Feature62_Medium,Feature63_Low,Feature66_Medium,Feature93_Medium,Feature94_Medium,Feature95_Low,Feature97_Low,Feature48,Feature52_Low,Feature66_Low,Feature71_Medium,Feature75_Medium,Feature78_Low,Feature79_Low,Feature79_Medium,Feature80_Low,Feature84_Medium,Feature85_Low,Feature85_Medium,Feature88_Low,Feature88_Medium,Feature98_Low,Feature46,Feature52_Medium,Feature58_Low,Feature6,Feature61_Low,Feature84_Low,Feature86_Low,Feature86_Medium,Feature87_Low,Feature87_Medium,Feature89_Low,Feature90_Low,Feature90_Medium,Feature98_Medium,Feature99_Low,Feature51_Medium,Feature53_Medium,Feature54_Low,Feature54_Medium,Feature56_Medium,Feature57_Low,Feature57_Medium,Feature58_Medium,Feature80_Medium,Feature81_Low,Feature81_Medium,Feature82_Low,Feature82_Medium,Feature83_Medium,Feature99_Medium,Feature63_Medium,Feature69_Medium,Feature70_Medium,Feature71_Low,Feature72_Low,Feature72_Medium,Feature73_Low,Feature73_Medium,Feature74_Low,Feature74_Medium,Feature75_Low,Feature76_Low,Feature76_Medium,Feature77_Low,Feature77_Medium
StrongSignal_Both	1	1	2	AlgorithmScripts/FeatureSelection/tsv/sklearn/random_logistic_regression/default	Feature55_Medium,Feature59_Low,Feature52_Medium,Feature53_Low,Feature55_Low,Feature4,Feature3,Feature5,Feature1,Feature64_Medium,Feature54_Medium,Feature2,Feature7,Feature37,Feature14,Feature73_Low,Feature59_Medium,Feature52_Low,Feature35,Feature53_Medium,Feature51_Low,Feature54_Low,Feature11,Feature40,Feature9,Feature89_Medium,Feature51_Medium,Feature84_Low,Feature71_Low,Feature58_Low,Feature83_Low,Feature70_Low,Feature67_Low,Feature60_Medium,Feature50,Feature18,Feature99_Medium,Feature99_Low,Feature98_Medium,Feature98_Low,Feature97_Medium,Feature97_Low,Feature96_Medium,Feature96_Low,Feature95_Medium,Feature95_Low,Feature94_Medium,Feature94_Low,Feature93_Medium,Feature93_Low,Feature92_Medium,Feature92_Low,Feature91_Medium,Feature91_Low,Feature90_Medium,Feature90_Low,Feature89_Low,Feature88_Medium,Feature88_Low,Feature87_Medium,Feature87_Low,Feature86_Medium,Feature86_Low,Feature85_Medium,Feature85_Low,Feature84_Medium,Feature83_Medium,Feature82_Medium,Feature82_Low,Feature81_Medium,Feature81_Low,Feature80_Medium,Feature80_Low,Feature8,Feature79_Medium,Feature79_Low,Feature78_Medium,Feature78_Low,Feature77_Medium,Feature77_Low,Feature76_Medium,Feature76_Low,Feature75_Medium,Feature75_Low,Feature74_Medium,Feature74_Low,Feature73_Medium,Feature72_Medium,Feature72_Low,Feature71_Medium,Feature70_Medium,Feature69_Medium,Feature69_Low,Feature68_Medium,Feature68_Low,Feature67_Medium,Feature66_Medium,Feature66_Low,Feature65_Medium,Feature65_Low,Feature64_Low,Feature63_Medium,Feature63_Low,Feature62_Medium,Feature62_Low,Feature61_Medium,Feature61_Low,Feature60_Low,Feature6,Feature58_Medium,Feature57_Medium,Feature57_Low,Feature56_Medium,Feature56_Low,Feature49,Feature48,Feature47,Feature46,Feature45,Feature44,Feature43,Feature42,Feature41,Feature39,Feature38,Feature36,Feature34,Feature33,Feature32,Feature31,Feature30,Feature29,Feature28,Feature27,Feature26,Feature25,Feature24,Feature23,Feature22,Feature21,Feature20,Feature19,Feature17,Feature16,Feature15,Feature13,Feature12,Feature100_Medium,Feature100_Low,Feature10
StrongSignal_Both	1	2	1	AlgorithmScripts/FeatureSelection/tsv/sklearn/random_forest_rfe/default	Feature4,Feature1,Feature11,Feature2,Feature27,Feature3,Feature30,Feature34,Feature40,Feature5,Feature51_Low,Feature52_Medium,Feature53_Low,Feature53_Medium,Feature55_Medium,Feature10,Feature15,Feature19,Feature26,Feature28,Feature31,Feature33,Feature38,Feature39,Feature43,Feature52_Low,Feature54_Low,Feature93_Low,Feature94_Medium,Feature98_Low,Feature13,Feature16,Feature18,Feature20,Feature21,Feature22,Feature23,Feature29,Feature32,Feature41,Feature46,Feature56_Low,Feature93_Medium,Feature94_Low,Feature95_Medium,Feature100_Low,Feature100_Medium,Feature12,Feature14,Feature17,Feature25,Feature35,Feature51_Medium,Feature54_Medium,Feature91_Medium,Feature92_Low,Feature92_Medium,Feature95_Low,Feature97_Medium,Feature99_Medium,Feature36,Feature37,Feature42,Feature44,Feature45,Feature56_Medium,Feature82_Low,Feature86_Medium,Feature87_Medium,Feature88_Medium,Feature9,Feature90_Low,Feature90_Medium,Feature91_Low,Feature98_Medium,Feature24,Feature57_Low,Feature57_Medium,Feature58_Low,Feature59_Medium,Feature85_Medium,Feature86_Low,Feature87_Low,Feature88_Low,Feature89_Low,Feature89_Medium,Feature96_Low,Feature96_Medium,Feature97_Low,Feature99_Low,Feature55_Low,Feature59_Low,Feature6,Feature60_Medium,Feature61_Low,Feature62_Medium,Feature63_Low,Feature65_Low,Feature66_Medium,Feature67_Medium,Feature68_Low,Feature81_Medium,Feature82_Medium,Feature84_Medium,Feature85_Low,Feature58_Medium,Feature61_Medium,Feature62_Low,Feature64_Low,Feature64_Medium,Feature65_Medium,Feature66_Low,Feature70_Low,Feature78_Low,Feature80_Low,Feature80_Medium,Feature81_Low,Feature83_Low,Feature83_Medium,Feature84_Low,Feature47,Feature48,Feature49,Feature50,Feature60_Low,Feature67_Low,Feature69_Medium,Feature7,Feature70_Medium,Feature72_Low,Feature73_Medium,Feature74_Medium,Feature75_Low,Feature79_Medium,Feature8,Feature63_Medium,Feature68_Medium,Feature69_Low,Feature71_Low,Feature71_Medium,Feature72_Medium,Feature73_Low,Feature74_Low,Feature75_Medium,Feature76_Low,Feature76_Medium,Feature77_Low,Feature77_Medium,Feature78_Medium,Feature79_Low
StrongSignal_Both	1	2	1	AlgorithmScripts/FeatureSelection/tsv/sklearn/random_logistic_regression/default	Feature52_Medium,Feature53_Medium,Feature3,Feature51_Medium,Feature55_Medium,Feature53_Low,Feature52_Low,Feature55_Low,Feature54_Low,Feature51_Low,Feature5,Feature2,Feature4,Feature98_Medium,Feature60_Low,Feature1,Feature83_Medium,Feature82_Low,Feature70_Medium,Feature54_Medium,Feature93_Low,Feature62_Medium,Feature96_Medium,Feature68_Low,Feature70_Low,Feature48,Feature73_Medium,Feature88_Low,Feature87_Medium,Feature98_Low,Feature78_Low,Feature67_Medium,Feature44,Feature28,Feature99_Medium,Feature99_Low,Feature97_Medium,Feature97_Low,Feature96_Low,Feature95_Medium,Feature95_Low,Feature94_Medium,Feature94_Low,Feature93_Medium,Feature92_Medium,Feature92_Low,Feature91_Medium,Feature91_Low,Feature90_Medium,Feature90_Low,Feature9,Feature89_Medium,Feature89_Low,Feature88_Medium,Feature87_Low,Feature86_Medium,Feature86_Low,Feature85_Medium,Feature85_Low,Feature84_Medium,Feature84_Low,Feature83_Low,Feature82_Medium,Feature81_Medium,Feature81_Low,Feature80_Medium,Feature80_Low,Feature8,Feature79_Medium,Feature79_Low,Feature78_Medium,Feature77_Medium,Feature77_Low,Feature76_Medium,Feature76_Low,Feature75_Medium,Feature75_Low,Feature74_Medium,Feature74_Low,Feature73_Low,Feature72_Medium,Feature72_Low,Feature71_Medium,Feature71_Low,Feature7,Feature69_Medium,Feature69_Low,Feature68_Medium,Feature67_Low,Feature66_Medium,Feature66_Low,Feature65_Medium,Feature65_Low,Feature64_Medium,Feature64_Low,Feature63_Medium,Feature63_Low,Feature62_Low,Feature61_Medium,Feature61_Low,Feature60_Medium,Feature6,Feature59_Medium,Feature59_Low,Feature58_Medium,Feature58_Low,Feature57_Medium,Feature57_Low,Feature56_Medium,Feature56_Low,Feature50,Feature49,Feature47,Feature46,Feature45,Feature43,Feature42,Feature41,Feature40,Feature39,Feature38,Feature37,Feature36,Feature35,Feature34,Feature33,Feature32,Feature31,Feature30,Feature29,Feature27,Feature26,Feature25,Feature24,Feature23,Feature22,Feature21,Feature20,Feature19,Feature18,Feature17,Feature16,Feature15,Feature14,Feature13,Feature12,Feature11,Feature100_Medium,Feature100_Low,Feature10
StrongSignal_Both	1	2	2	AlgorithmScripts/FeatureSelection/tsv/sklearn/random_forest_rfe/default	Feature55_Medium,Feature1,Feature12,Feature2,Feature20,Feature3,Feature34,Feature4,Feature47,Feature49,Feature5,Feature51_Low,Feature52_Low,Feature52_Medium,Feature53_Medium,Feature100_Medium,Feature13,Feature22,Feature27,Feature29,Feature30,Feature36,Feature44,Feature45,Feature48,Feature50,Feature53_Low,Feature89_Medium,Feature9,Feature91_Medium,Feature10,Feature14,Feature15,Feature16,Feature17,Feature18,Feature19,Feature21,Feature23,Feature28,Feature32,Feature6,Feature64_Medium,Feature67_Medium,Feature8,Feature100_Low,Feature11,Feature24,Feature25,Feature26,Feature39,Feature40,Feature46,Feature65_Medium,Feature66_Low,Feature67_Low,Feature88_Low,Feature92_Low,Feature96_Low,Feature97_Low,Feature31,Feature33,Feature35,Feature37,Feature41,Feature65_Low,Feature68_Low,Feature70_Low,Feature71_Medium,Feature81_Low,Feature86_Low,Feature87_Medium,Feature88_Medium,Feature89_Low,Feature97_Medium,Feature38,Feature51_Medium,Feature55_Low,Feature58_Low,Feature59_Low,Feature62_Medium,Feature66_Medium,Feature90_Low,Feature90_Medium,Feature91_Low,Feature92_Medium,Feature93_Low,Feature94_Low,Feature94_Medium,Feature98_Low,Feature42,Feature54_Low,Feature58_Medium,Feature59_Medium,Feature60_Medium,Feature61_Medium,Feature62_Low,Feature63_Low,Feature64_Low,Feature93_Medium,Feature95_Low,Feature95_Medium,Feature96_Medium,Feature98_Medium,Feature99_Low,Feature43,Feature61_Low,Feature72_Medium,Feature73_Medium,Feature77_Low,Feature77_Medium,Feature78_Low,Feature78_Medium,Feature79_Low,Feature79_Medium,Feature80_Low,Feature80_Medium,Feature86_Medium,Feature87_Low,Feature99_Medium,Feature54_Medium,Feature56_Low,Feature56_Medium,Feature57_Low,Feature57_Medium,Feature60_Low,Feature81_Medium,Feature82_Low,Feature82_Medium,Feature83_Low,Feature83_Medium,Feature84_Low,Feature84_Medium,Feature85_Low,Feature85_Medium,Feature63_Medium,Feature68_Medium,Feature69_Low,Feature69_Medium,Feature7,Feature70_Medium,Feature71_Low,Feature72_Low,Feature73_Low,Feature74_Low,Feature74_Medium,Feature75_Low,Feature75_Medium,Feature76_Low,Feature76_Medium
StrongSignal_Both	1	2	2	AlgorithmScripts/FeatureSelection/tsv/sklearn/random_logistic_regression/default	Feature55_Medium,Feature55_Low,Feature51_Low,Feature5,Feature52_Medium,Feature53_Medium,Feature91_Medium,Feature3,Feature54_Medium,Feature65_Low,Feature91_Low,Feature51_Medium,Feature1,Feature59_Low,Feature53_Low,Feature47,Feature52_Low,Feature2,Feature9,Feature100_Medium,Feature62_Medium,Feature4,Feature89_Medium,Feature88_Low,Feature82_Low,Feature64_Medium,Feature63_Medium,Feature61_Medium,Feature59_Medium,Feature25,Feature23,Feature100_Low,Feature99_Medium,Feature99_Low,Feature98_Medium,Feature98_Low,Feature97_Medium,Feature97_Low,Feature96_Medium,Feature96_Low,Feature95_Medium,Feature95_Low,Feature94_Medium,Feature94_Low,Feature93_Medium,Feature93_Low,Feature92_Medium,Feature92_Low,Feature90_Medium,Feature90_Low,Feature89_Low,Feature88_Medium,Feature87_Medium,Feature87_Low,Feature86_Medium,Feature86_Low,Feature85_Medium,Feature85_Low,Feature84_Medium,Feature84_Low,Feature83_Medium,Feature83_Low,Feature82_Medium,Feature81_Medium,Feature81_Low,Feature80_Medium,Feature80_Low,Feature8,Feature79_Medium,Feature79_Low,Feature78_Medium,Feature78_Low,Feature77_Medium,Feature77_Low,Feature76_Medium,Feature76_Low,Feature75_Medium,Feature75_Low,Feature74_Medium,Feature74_Low,Feature73_Medium,Feature73_Low,Feature72_Medium,Feature72_Low,Feature71_Medium,Feature71_Low,Feature70_Medium,Feature70_Low,Feature7,Feature69_Medium,Feature69_Low,Feature68_Medium,Feature68_Low,Feature67_Medium,Feature67_Low,Feature66_Medium,Feature66_Low,Feature65_Medium,Feature64_Low,Feature63_Low,Feature62_Low,Feature61_Low,Feature60_Medium,Feature60_Low,Feature6,Feature58_Medium,Feature58_Low,Feature57_Medium,Feature57_Low,Feature56_Medium,Feature56_Low,Feature54_Low,Feature50,Feature49,Feature48,Feature46,Feature45,Feature44,Feature43,Feature42,Feature41,Feature40,Feature39,Feature38,Feature37,Feature36,Feature35,Feature34,Feature33,Feature32,Feature31,Feature30,Feature29,Feature28,Feature27,Feature26,Feature24,Feature22,Feature21,Feature20,Feature19,Feature18,Feature17,Feature16,Feature15,Feature14,Feature13,Feature12,Feature11,Feature10
StrongSignal_Both	2	1	1	AlgorithmScripts/FeatureSelection/tsv/sklearn/random_forest_rfe/default	Feature3,Feature1,Feature2,Feature23,Feature28,Feature30,Feature4,Feature47,Feature5,Feature52_Low,Feature52_Medium,Feature53_Low,Feature55_Low,Feature55_Medium,Feature73_Medium,Feature100_Low,Feature14,Feature17,Feature18,Feature24,Feature27,Feature33,Feature39,Feature41,Feature43,Feature44,Feature49,Feature53_Medium,Feature86_Medium,Feature9,Feature10,Feature100_Medium,Feature11,Feature12,Feature13,Feature15,Feature19,Feature26,Feature34,Feature37,Feature6,Feature85_Medium,Feature91_Low,Feature91_Medium,Feature95_Medium,Feature16,Feature35,Feature36,Feature40,Feature42,Feature46,Feature67_Medium,Feature85_Low,Feature86_Low,Feature87_Medium,Feature88_Low,Feature89_Medium,Feature96_Low,Feature96_Medium,Feature97_Low,Feature20,Feature21,Feature22,Feature25,Feature29,Feature31,Feature45,Feature54_Low,Feature54_Medium,Feature58_Low,Feature83_Medium,Feature84_Low,Feature84_Medium,Feature97_Medium,Feature98_Low,Feature32,Feature38,Feature57_Medium,Feature58_Medium,Feature59_Low,Feature59_Medium,Feature60_Medium,Feature68_Medium,Feature7,Feature70_Low,Feature81_Medium,Feature88_Medium,Feature89_Low,Feature94_Medium,Feature95_Low,Feature48,Feature50,Feature51_Low,Feature51_Medium,Feature56_Low,Feature57_Low,Feature90_Low,Feature90_Medium,Feature92_Low,Feature92_Medium,Feature93_Low,Feature93_Medium,Feature94_Low,Feature98_Medium,Feature99_Medium,Feature56_Medium,Feature62_Medium,Feature69_Low,Feature69_Medium,Feature70_Medium,Feature71_Low,Feature71_Medium,Feature72_Low,Feature73_Low,Feature76_Low,Feature80_Medium,Feature81_Low,Feature82_Low,Feature82_Medium,Feature83_Low,Feature60_Low,Feature72_Medium,Feature74_Low,Feature74_Medium,Feature75_Low,Feature75_Medium,Feature76_Medium,Feature77_Low,Feature77_Medium,Feature78_Low,Feature78_Medium,Feature79_Low,Feature79_Medium,Feature8,Feature80_Low,Feature61_Low,Feature61_Medium,Feature62_Low,Feature63_Low,Feature63_Medium,Feature64_Low,Feature64_Medium,Feature65_Low,Feature65_Medium,Feature66_Low,Feature66_Medium,Feature67_Low,Feature68_Low,Feature87_Low,Feature99_Low
StrongSignal_Both	2	1	1	AlgorithmScripts/FeatureSelection/tsv/sklearn/random_logistic_regression/default	Feature55_Low,Feature55_Medium,Feature5,Feature52_Medium,Feature3,Feature53_Medium,Feature2,Feature51_Low,Feature52_Low,Feature1,Feature4,Feature53_Low,Feature95_Low,Feature58_Medium,Feature98_Low,Feature82_Low,Feature23,Feature67_Medium,Feature47,Feature31,Feature9,Feature89_Medium,Feature73_Medium,Feature51_Medium,Feature49,Feature98_Medium,Feature68_Low,Feature54_Low,Feature46,Feature35,Feature30,Feature99_Medium,Feature99_Low,Feature97_Medium,Feature97_Low,Feature96_Medium,Feature96_Low,Feature95_Medium,Feature94_Medium,Feature94_Low,Feature93_Medium,Feature93_Low,Feature92_Medium,Feature92_Low,Feature91_Medium,Feature91_Low,Feature90_Medium,Feature90_Low,Feature89_Low,Feature88_Medium,Feature88_Low,Feature87_Medium,Feature87_Low,Feature86_Medium,Feature86_Low,Feature85_Medium,Feature85_Low,Feature84_Medium,Feature84_Low,Feature83_Medium,Feature83_Low,Feature82_Medium,Feature81_Medium,Feature81_Low,Feature80_Medium,Feature80_Low,Feature8,Feature79_Medium,Feature79_Low,Feature78_Medium,Feature78_Low,Feature77_Medium,Feature77_Low,Feature76_Medium,Feature76_Low,Feature75_Medium,Feature75_Low,Feature74_Medium,Feature74_Low,Feature73_Low,Feature72_Medium,Feature72_Low,Feature71_Medium,Feature71_Low,Feature70_Medium,Feature70_Low,Feature7,Feature69_Medium,Feature69_Low,Feature68_Medium,Feature67_Low,Feature66_Medium,Feature66_Low,Feature65_Medium,Feature65_Low,Feature64_Medium,Feature64_Low,Feature63_Medium,Feature63_Low,Feature62_Medium,Feature62_Low,Feature61_Medium,Feature61_Low,Feature60_Medium,Feature60_Low,Feature6,Feature59_Medium,Feature59_Low,Feature58_Low,Feature57_Medium,Feature57_Low,Feature56_Medium,Feature56_Low,Feature54_Medium,Feature50,Feature48,Feature45,Feature44,Feature43,Feature42,Feature41,Feature40,Feature39,Feature38,Feature37,Feature36,Feature34,Feature33,Feature32,Feature29,Feature28,Feature27,Feature26,Feature25,Feature24,Feature22,Feature21,Feature20,Feature19,Feature18,Feature17,Feature16,Feature15,Feature14,Feature13,Feature12,Feature11,Feature100_Medium,Feature100_Low,Feature10
StrongSignal_Both	2	1	2	AlgorithmScripts/FeatureSelection/tsv/sklearn/random_forest_rfe/default	Feature2,Feature1,Feature26,Feature3,Feature31,Feature32,Feature35,Feature4,Feature45,Feature5,Feature52_Medium,Feature54_Medium,Feature55_Low,Feature60_Medium,Feature7,Feature13,Feature14,Feature18,Feature20,Feature22,Feature24,Feature25,Feature30,Feature41,Feature44,Feature48,Feature51_Low,Feature54_Low,Feature55_Medium,Feature60_Low,Feature10,Feature12,Feature16,Feature17,Feature19,Feature23,Feature34,Feature40,Feature72_Medium,Feature81_Medium,Feature86_Low,Feature86_Medium,Feature9,Feature90_Medium,Feature93_Medium,Feature100_Low,Feature100_Medium,Feature11,Feature15,Feature21,Feature38,Feature53_Medium,Feature77_Medium,Feature82_Low,Feature87_Low,Feature88_Low,Feature89_Low,Feature92_Low,Feature92_Medium,Feature96_Low,Feature27,Feature28,Feature29,Feature37,Feature42,Feature53_Low,Feature58_Low,Feature59_Low,Feature59_Medium,Feature74_Medium,Feature79_Medium,Feature8,Feature80_Medium,Feature83_Medium,Feature96_Medium,Feature33,Feature50,Feature52_Low,Feature56_Low,Feature57_Low,Feature57_Medium,Feature58_Medium,Feature63_Medium,Feature88_Medium,Feature89_Medium,Feature90_Low,Feature91_Low,Feature91_Medium,Feature97_Low,Feature97_Medium,Feature36,Feature43,Feature46,Feature49,Feature56_Medium,Feature61_Medium,Feature63_Low,Feature65_Low,Feature67_Low,Feature69_Low,Feature93_Low,Feature94_Low,Feature94_Medium,Feature95_Low,Feature95_Medium,Feature39,Feature47,Feature51_Medium,Feature62_Low,Feature78_Medium,Feature79_Low,Feature80_Low,Feature81_Low,Feature82_Medium,Feature83_Low,Feature84_Low,Feature84_Medium,Feature85_Low,Feature85_Medium,Feature98_Low,Feature64_Medium,Feature66_Low,Feature70_Medium,Feature71_Medium,Feature72_Low,Feature73_Low,Feature73_Medium,Feature74_Low,Feature75_Low,Feature75_Medium,Feature76_Low,Feature76_Medium,Feature77_Low,Feature78_Low,Feature98_Medium,Feature6,Feature61_Low,Feature62_Medium,Feature64_Low,Feature65_Medium,Feature66_Medium,Feature67_Medium,Feature68_Low,Feature68_Medium,Feature69_Medium,Feature70_Low,Feature71_Low,Feature87_Medium,Feature99_Low,Feature99_Medium
StrongSignal_Both	2	1	2	AlgorithmScripts/FeatureSelection/tsv/sklearn/random_logistic_regression/default	Feature55_Low,Feature52_Medium,Feature3,Feature51_Medium,Feature55_Medium,Feature83_Low,Feature54_Medium,Feature52_Low,Feature54_Low,Feature51_Low,Feature60_Medium,Feature53_Medium,Feature5,Feature61_Medium,Feature2,Feature64_Medium,Feature1,Feature76_Low,Feature4,Feature82_Low,Feature60_Low,Feature96_Low,Feature93_Medium,Feature83_Medium,Feature48,Feature72_Medium,Feature70_Medium,Feature25,Feature87_Medium,Feature72_Low,Feature71_Medium,Feature57_Medium,Feature53_Low,Feature35,Feature32,Feature28,Feature23,Feature18,Feature99_Medium,Feature99_Low,Feature98_Medium,Feature98_Low,Feature97_Medium,Feature97_Low,Feature96_Medium,Feature95_Medium,Feature95_Low,Feature94_Medium,Feature94_Low,Feature93_Low,Feature92_Medium,Feature92_Low,Feature91_Medium,Feature91_Low,Feature90_Medium,Feature90_Low,Feature9,Feature89_Medium,Feature89_Low,Feature88_Medium,Feature88_Low,Feature87_Low,Feature86_Medium,Feature86_Low,Feature85_Medium,Feature85_Low,Feature84_Medium,Feature84_Low,Feature82_Medium,Feature81_Medium,Feature81_Low,Feature80_Medium,Feature80_Low,Feature8,Feature79_Medium,Feature79_Low,Feature78_Medium,Feature78_Low,Feature77_Medium,Feature77_Low,Feature76_Medium,Feature75_Medium,Feature75_Low,Feature74_Medium,Feature74_Low,Feature73_Medium,Feature73_Low,Feature71_Low,Feature70_Low,Feature7,Feature69_Medium,Feature69_Low,Feature68_Medium,Feature68_Low,Feature67_Medium,Feature67_Low,Feature66_Medium,Feature66_Low,Feature65_Medium,Feature65_Low,Feature64_Low,Feature63_Medium,Feature63_Low,Feature62_Medium,Feature62_Low,Feature61_Low,Feature6,Feature59_Medium,Feature59_Low,Feature58_Medium,Feature58_Low,Feature57_Low,Feature56_Medium,Feature56_Low,Feature50,Feature49,Feature47,Feature46,Feature45,Feature44,Feature43,Feature42,Feature41,Feature40,Feature39,Feature38,Feature37,Feature36,Feature34,Feature33,Feature31,Feature30,Feature29,Feature27,Feature26,Feature24,Feature22,Feature21,Feature20,Feature19,Feature17,Feature16,Feature15,Feature14,Feature13,Feature12,Feature11,Feature100_Medium,Feature100_Low,Feature10
StrongSignal_Both	2	2	1	AlgorithmScripts/FeatureSelection/tsv/sklearn/random_forest_rfe/default	Feature2,Feature1,Feature10,Feature11,Feature14,Feature3,Feature4,Feature44,Feature5,Feature50,Feature52_Low,Feature53_Low,Feature53_Medium,Feature55_Medium,Feature77_Medium,Feature17,Feature19,Feature20,Feature21,Feature22,Feature24,Feature25,Feature28,Feature29,Feature33,Feature40,Feature45,Feature46,Feature51_Low,Feature93_Low,Feature100_Low,Feature100_Medium,Feature12,Feature13,Feature15,Feature16,Feature18,Feature23,Feature26,Feature31,Feature54_Low,Feature84_Medium,Feature87_Medium,Feature9,Feature97_Low,Feature30,Feature34,Feature37,Feature39,Feature54_Medium,Feature56_Medium,Feature88_Low,Feature92_Low,Feature93_Medium,Feature94_Low,Feature94_Medium,Feature95_Low,Feature95_Medium,Feature96_Low,Feature96_Medium,Feature27,Feature32,Feature35,Feature38,Feature57_Low,Feature57_Medium,Feature58_Medium,Feature59_Low,Feature59_Medium,Feature6,Feature60_Medium,Feature62_Low,Feature80_Medium,Feature85_Medium,Feature97_Medium,Feature36,Feature43,Feature47,Feature55_Low,Feature61_Medium,Feature62_Medium,Feature64_Low,Feature64_Medium,Feature81_Medium,Feature84_Low,Feature85_Low,Feature86_Low,Feature86_Medium,Feature98_Low,Feature98_Medium,Feature41,Feature51_Medium,Feature52_Medium,Feature56_Low,Feature87_Low,Feature88_Medium,Feature89_Low,Feature89_Medium,Feature90_Low,Feature90_Medium,Feature91_Low,Feature91_Medium,Feature92_Medium,Feature99_Low,Feature99_Medium,Feature58_Low,Feature61_Low,Feature63_Low,Feature65_Low,Feature65_Medium,Feature66_Low,Feature66_Medium,Feature68_Medium,Feature78_Medium,Feature79_Medium,Feature81_Low,Feature82_Low,Feature82_Medium,Feature83_Low,Feature83_Medium,Feature42,Feature48,Feature49,Feature60_Low,Feature67_Low,Feature67_Medium,Feature68_Low,Feature70_Low,Feature76_Low,Feature76_Medium,Feature77_Low,Feature78_Low,Feature79_Low,Feature8,Feature80_Low,Feature63_Medium,Feature69_Low,Feature69_Medium,Feature7,Feature70_Medium,Feature71_Low,Feature71_Medium,Feature72_Low,Feature72_Medium,Feature73_Low,Feature73_Medium,Feature74_Low,Feature74_Medium,Feature75_Low,Feature75_Medium
StrongSignal_Both	2	2	1	AlgorithmScripts/FeatureSelection/tsv/sklearn/random_logistic_regression/default	Feature55_Medium,Feature55_Low,Feature53_Medium,Feature53_Low,Feature52_Low,Feature5,Feature2,Feature52_Medium,Feature3,Feature1,Feature4,Feature54_Medium,Feature64_Medium,Feature51_Low,Feature54_Low,Feature86_Low,Feature79_Medium,Feature77_Medium,Feature74_Low,Feature72_Medium,Feature51_Medium,Feature47,Feature89_Medium,Feature80_Medium,Feature70_Low,Feature62_Medium,Feature45,Feature42,Feature27,Feature15,Feature99_Medium,Feature99_Low,Feature98_Medium,Feature98_Low,Feature97_Medium,Feature97_Low,Feature96_Medium,Feature96_Low,Feature95_Medium,Feature95_Low,Feature94_Medium,Feature94_Low,Feature93_Medium,Feature93_Low,Feature92_Medium,Feature92_Low,Feature91_Medium,Feature91_Low,Feature90_Medium,Feature90_Low,Feature9,Feature89_Low,Feature88_Medium,Feature88_Low,Feature87_Medium,Feature87_Low,Feature86_Medium,Feature85_Medium,Feature85_Low,Feature84_Medium,Feature84_Low,Feature83_Medium,Feature83_Low,Feature82_Medium,Feature82_Low,Feature81_Medium,Feature81_Low,Feature80_Low,Feature8,Feature79_Low,Feature78_Medium,Feature78_Low,Feature77_Low,Feature76_Medium,Feature76_Low,Feature75_Medium,Feature75_Low,Feature74_Medium,Feature73_Medium,Feature73_Low,Feature72_Low,Feature71_Medium,Feature71_Low,Feature70_Medium,Feature7,Feature69_Medium,Feature69_Low,Feature68_Medium,Feature68_Low,Feature67_Medium,Feature67_Low,Feature66_Medium,Feature66_Low,Feature65_Medium,Feature65_Low,Feature64_Low,Feature63_Medium,Feature63_Low,Feature62_Low,Feature61_Medium,Feature61_Low,Feature60_Medium,Feature60_Low,Feature6,Feature59_Medium,Feature59_Low,Feature58_Medium,Feature58_Low,Feature57_Medium,Feature57_Low,Feature56_Medium,Feature56_Low,Feature50,Feature49,Feature48,Feature46,Feature44,Feature43,Feature41,Feature40,Feature39,Feature38,Feature37,Feature36,Feature35,Feature34,Feature33,Feature32,Feature31,Feature30,Feature29,Feature28,Feature26,Feature25,Feature24,Feature23,Feature22,Feature21,Feature20,Feature19,Feature18,Feature17,Feature16,Feature14,Feature13,Feature12,Feature11,Feature100_Medium,Feature100_Low,Feature10
StrongSignal_Both	2	2	2	AlgorithmScripts/FeatureSelection/tsv/sklearn/random_forest_rfe/default	Feature3,Feature1,Feature11,Feature12,Feature17,Feature19,Feature2,Feature4,Feature5,Feature51_Medium,Feature52_Low,Feature52_Medium,Feature54_Medium,Feature9,Feature98_Medium,Feature15,Feature16,Feature22,Feature23,Feature24,Feature27,Feature31,Feature37,Feature38,Feature40,Feature43,Feature45,Feature46,Feature47,Feature93_Medium,Feature10,Feature13,Feature14,Feature18,Feature20,Feature30,Feature33,Feature34,Feature41,Feature44,Feature48,Feature8,Feature87_Medium,Feature92_Medium,Feature94_Medium,Feature100_Low,Feature100_Medium,Feature21,Feature29,Feature36,Feature58_Medium,Feature93_Low,Feature94_Low,Feature95_Low,Feature95_Medium,Feature96_Low,Feature96_Medium,Feature97_Low,Feature97_Medium,Feature98_Low,Feature25,Feature26,Feature28,Feature32,Feature35,Feature58_Low,Feature6,Feature81_Medium,Feature89_Low,Feature89_Medium,Feature90_Low,Feature91_Low,Feature91_Medium,Feature92_Low,Feature99_Medium,Feature42,Feature49,Feature53_Low,Feature53_Medium,Feature57_Low,Feature57_Medium,Feature61_Medium,Feature66_Low,Feature72_Low,Feature86_Medium,Feature87_Low,Feature88_Low,Feature88_Medium,Feature90_Medium,Feature99_Low,Feature55_Low,Feature59_Low,Feature59_Medium,Feature60_Low,Feature60_Medium,Feature61_Low,Feature62_Low,Feature62_Medium,Feature64_Medium,Feature65_Low,Feature65_Medium,Feature67_Low,Feature67_Medium,Feature69_Low,Feature82_Low,Feature39,Feature64_Low,Feature7,Feature70_Medium,Feature71_Low,Feature78_Low,Feature79_Medium,Feature82_Medium,Feature83_Low,Feature83_Medium,Feature84_Low,Feature84_Medium,Feature85_Low,Feature85_Medium,Feature86_Low,Feature63_Low,Feature66_Medium,Feature68_Low,Feature68_Medium,Feature69_Medium,Feature70_Low,Feature73_Medium,Feature75_Low,Feature75_Medium,Feature77_Low,Feature78_Medium,Feature79_Low,Feature80_Low,Feature80_Medium,Feature81_Low,Feature50,Feature51_Low,Feature54_Low,Feature55_Medium,Feature56_Low,Feature56_Medium,Feature63_Medium,Feature71_Medium,Feature72_Medium,Feature73_Low,Feature74_Low,Feature74_Medium,Feature76_Low,Feature76_Medium,Feature77_Medium
StrongSignal_Both	2	2	2	AlgorithmScripts/FeatureSelection/tsv/sklearn/random_logistic_regression/default	Feature3,Feature98_Medium,Feature52_Medium,Feature78_Low,Feature51_Medium,Feature54_Medium,Feature54_Low,Feature12,Feature5,Feature4,Feature2,Feature1,Feature53_Low,Feature52_Low,Feature51_Low,Feature82_Medium,Feature67_Low,Feature53_Medium,Feature64_Medium,Feature55_Medium,Feature79_Medium,Feature65_Low,Feature58_Medium,Feature93_Medium,Feature77_Low,Feature72_Low,Feature61_Medium,Feature58_Low,Feature99_Medium,Feature99_Low,Feature98_Low,Feature97_Medium,Feature97_Low,Feature96_Medium,Feature96_Low,Feature95_Medium,Feature95_Low,Feature94_Medium,Feature94_Low,Feature93_Low,Feature92_Medium,Feature92_Low,Feature91_Medium,Feature91_Low,Feature90_Medium,Feature90_Low,Feature9,Feature89_Medium,Feature89_Low,Feature88_Medium,Feature88_Low,Feature87_Medium,Feature87_Low,Feature86_Medium,Feature86_Low,Feature85_Medium,Feature85_Low,Feature84_Medium,Feature84_Low,Feature83_Medium,Feature83_Low,Feature82_Low,Feature81_Medium,Feature81_Low,Feature80_Medium,Feature80_Low,Feature8,Feature79_Low,Feature78_Medium,Feature77_Medium,Feature76_Medium,Feature76_Low,Feature75_Medium,Feature75_Low,Feature74_Medium,Feature74_Low,Feature73_Medium,Feature73_Low,Feature72_Medium,Feature71_Medium,Feature71_Low,Feature70_Medium,Feature70_Low,Feature7,Feature69_Medium,Feature69_Low,Feature68_Medium,Feature68_Low,Feature67_Medium,Feature66_Medium,Feature66_Low,Feature65_Medium,Feature64_Low,Feature63_Medium,Feature63_Low,Feature62_Medium,Feature62_Low,Feature61_Low,Feature60_Medium,Feature60_Low,Feature6,Feature59_Medium,Feature59_Low,Feature57_Medium,Feature57_Low,Feature56_Medium,Feature56_Low,Feature55_Low,Feature50,Feature49,Feature48,Feature47,Feature46,Feature45,Feature44,Feature43,Feature42,Feature41,Feature40,Feature39,Feature38,Feature37,Feature36,Feature35,Feature34,Feature33,Feature32,Feature31,Feature30,Feature29,Feature28,Feature27,Feature26,Feature25,Feature24,Feature23,Feature22,Feature21,Feature20,Feature19,Feature18,Feature17,Feature16,Feature15,Feature14,Feature13,Feature11,Feature100_Medium,Feature100_Low,Feature10
